{"createdAt": "2018-11-18T10:08:10.389Z", "hyperlinks": "", "id": "u5de1xzxgzqz", "reference": "LINE,LINE", "tags": [15], "text": "邱義仁 選前之夜可能使出的大絕招\n\n【號外！陳哲男自殺了！】\n\n各位可觀察到這兩天陳邁夫妻都是個哭臉，選前之夜很有可能會發生的事，大家先免疫好以防措手不及。陳哲男\"自殺\"送醫急救中，留有遺書一封，上面寫到邁兒是一個很孝順的兒子，也很有能力，但因為自己曾經犯錯，讓邁兒現在處於落選邊緣，他對不起兒子，對不起大眾，唯有以死謝罪，希望高雄市民能給邁兒一次機會，最後屬名，陳哲男絕筆。以高雄呆民之多，保證20萬票輕易逆轉。\n選前之夜，10點過後就不得再宣傳，但3立跟民視都可以連夜報導陳哲男因為貪污犯錯讓基邁蒙羞，只有\"自殺\"以謝罪，然後基邁痛哭說他可以不選，但不能讓自己的父親出事，請大家為父親祈福，接著民進黨全黨一起出來哭成一團，投票到隔天下午4點那兩電視台整天的報導，然後再加上早就動好的手腳，開票完宣佈基邁終於以1000票險勝。這不是奧步，是同兩顆子彈一樣千真萬確的事。歷史永遠都在重演。", "url": "https://cofacts.g0v.tw/article/u5de1xzxgzqz"}