{"createdAt": "2018-12-21T03:16:09.462Z", "hyperlinks": "", "id": "hj075uktfl5q", "reference": "LINE", "tags": [15], "text": "促轉會明年度預算共1.6億元，其中人事費用就5800萬，約聘雇更佔了3千多萬，引發外界質疑，到底請了哪些人？網路紅人館長在臉書開罵，「政府只會養肥貓，編列一堆狗預算」，對於促轉會助理月薪就有5萬7，館長忍不住飆粗開譙，還有網友怒嗆「難怪平均薪資那麼高」。", "url": "https://cofacts.g0v.tw/article/hj075uktfl5q"}