{"createdAt": "2017-09-21T14:34:53.189Z", "hyperlinks": "[object Object]", "id": "AV6k3OOGyCdS-nWhugfG", "reference": "LINE", "tags": [13], "text": "『Crazy deal for Optus.  史上最划算Optus方案』\n\n3GB data and unlimited call&SMS only 18.75 per month.\n15GB data and unlimited call&SMS plus 300 minutes international call only 30 per month.\n\n我的天阿～Optus推出了超級優惠方案！\n小用量客戶，每個月只需要18.75元，就可以使用3GB網路流量，無限的澳洲境內通話以及傳簡訊，而且聽各種網路音樂也都不佔流量(Google Music, iHeart Radio, Spotify) ，使用社群網站的站內資源也都不佔流量。\n\n大用量客戶，每個月只需要30元，就可以使用15GB網路流量， 無限的澳洲境內通話以及傳簡訊，再加上300分鐘的國際電話額度，而且聽各種網路音樂也都不佔流量(Google Music, iHeart Radio, Spotify) ，使用社群網站的站內資源也都不佔流量。\n\n你還在使用30元只有3GB的網路的電信方案嗎？趕快申請Optus的最新方案吧，活動只到27/9/2017。\n\nApply here:\nhttp://offer.optus.com.au/sept-flash-sale", "url": "https://cofacts.g0v.tw/article/AV6k3OOGyCdS-nWhugfG"}