{"createdAt": "2018-03-15T12:13:28.450Z", "hyperlinks": "[object Object],[object Object],[object Object],[object Object]", "id": "mapwsl4yunp0", "reference": "LINE", "tags": [13], "text": "(ok)【2018龍潭迎古董接財神 】共下迎接百年傳統\n\n☞3/3（六）下午14時「迎古董嘉年華」@龍潭運動公園\n☞3/4（日）上午9時30分「千人擲筊比賽」@龍元宮\n☞3/4（日）下午17時「迎財神繞境祈福」@龍元宮\n☞3/4（日）晚上20時「迎母金補財庫」@龍元宮\n\n☞更多迎古董接財神資訊★https://goo.gl/XqwGZP\n\n(tulip)【2018戀戀魯冰花-食茶賞花來龍潭尞】\n\n☞期間：3/3（六）至3/11（六）\n☞地點：桃園市龍潭區三水水土保持戶外教室（搜尋大北坑：桃園市龍潭區三水里大北坑街1998巷8號）\n\n☞報名體驗活動「捏陶體驗」、「龍潭按靚 寫生比賽」、「大北坑導覽活動」、「食茶賞客音 擂茶體驗」、「茶點製作 客家米食體驗」、「賞味龍潭、美人茶席」、「尋幽坊勝、地景藝術」★https://goo.gl/e8VnaK\n\n☞賞花交通報你知★https://goo.gl/WNpG41\n\n☞更多戀戀魯冰花資訊★https://goo.gl/GjgLSH", "url": "https://cofacts.g0v.tw/article/mapwsl4yunp0"}