{"createdAt": "2018-05-08T21:17:01.694Z", "hyperlinks": "[object Object]", "id": "1khm5dmlvueuw", "reference": "LINE", "tags": [13], "text": "就是這週了！！\n準備好母親節禮物了嗎? LINE MOBILE 都幫你想好了~\n\n(rose)5/7~5/13 幫媽媽申辦 LINE MOBILE, 4G終身吃到飽每日只要10元，還有LINE Points 6% 點數回饋(shiny)\n再送超萌 LINE FRIENDS 系列好禮 (aww)(hello)\n馬上來去 https://tw.linemobile.com/sale/promotion (dash)", "url": "https://cofacts.g0v.tw/article/1khm5dmlvueuw"}