{"createdAt": "2018-06-15T02:34:40.788Z", "hyperlinks": "[object Object]", "id": "1sp8w498o678o", "reference": "LINE", "tags": [13], "text": "2018 SEMICON Taiwan + Student Program活動\n今年是第三次新竹企經會與SEMI共同舉辦.\n\n若你的子弟目前上大學,不論科系年級,均歡迎報名.\n亦可轉知親友, 謝謝 ! \n\n摘要說明 \n1.[2018 SEMICON Taiwan],預定於9/5(三) - 9/7(五)舉行 \n2.地點:台北市南港世貿展覽館 \n3.主辦單位選擇9/6 & 9/7,規畫student tours \n4.安排遊覽車新竹台北接送,並提供午餐 (免報名費) \n5. 報到地點:交通大學中正堂 (新竹市大學路1001號)\n6.採用線上報名,7/30截止or額滿為止\n\n半導體委員會主委曹世綸 及秘書處  敬邀\n\nhttps://www.cpmah.org.tw/event-news/visit/532-20180606.html", "url": "https://cofacts.g0v.tw/article/1sp8w498o678o"}