{"createdAt": "2018-06-30T13:30:57.646Z", "hyperlinks": "[object Object]", "id": "3omd8146x6hqd", "reference": "LINE", "tags": [8], "text": "大家告訴大家，記得6/30前一定要辦好。很方便，撥打1911告訴服務人員你家的電號就可以了！晚上也有服務哦！\n504元不拿白不拿哩！快快馬上辦。。你沒登錄，無法拿到獎勵，台電也不會感激你的哦！\n\n是每個月都有補貼呦~504x12個月=6048元呢~\n\n已查證屬實！\nhttps://tpcuip.taipower.com.tw/savepower/", "url": "https://cofacts.g0v.tw/article/3omd8146x6hqd"}