{"createdAt": "2018-04-06T14:21:28.954Z", "hyperlinks": "[object Object]", "id": "14dhnq84bgqc3", "reference": "LINE", "tags": [14], "text": "集體訴訟臉書與蔡英文新聞，已經在華人圈子爆開\n\n多虧各方群友的幫忙，控告臉書與蔡英文新聞，逐漸擴散，大家努力吧！一起來來求償！\n\n美國幾個英文主流報紙後天也會見報。星島日報又一則頭條：\nhttps://www.singtaousa.com/ny/446-%E7%81%A3%E5%8D%80/573214-%E6%89%B9%E8%94%A1%E8%80%85%E8%87%89%E6%9B%B8%E5%B8%B3%E8%99%9F%E8%A2%AB%E5%B0%81+%E5%8F%AF%E5%8F%83%E8%88%87%E9%9B%86%E9%AB%94%E8%A8%B4%E8%A8%9F%E7%B4%A2%E8%B3%A0/", "url": "https://cofacts.g0v.tw/article/14dhnq84bgqc3"}