{"createdAt": "2018-03-20T06:23:03.461Z", "hyperlinks": "[object Object]", "id": "37w7d8wfmf6op", "reference": "LINE", "tags": [11], "text": "「昨夜又是一樣睡不著覺！」\n嚴長壽先生，講得很好，台灣是小國，不能與任何國家為敵，要與人為善，尤其是強鄰，中國崛起，但現在政府要將同文同种的中國，列為敵人，不就是找死，自殺的行為嗎？\n聽聽 嚴長壽(*)\n娓娓道來：他也是、也和 ~~多數的台灣人睡不著覺的原因？\nhttps://youtu.be/JhHKfYyDI_c", "url": "https://cofacts.g0v.tw/article/37w7d8wfmf6op"}