{"createdAt": "2017-01-09T16:01:00.000Z", "hyperlinks": "[object Object],[object Object]", "id": "5478605214708-rumor", "reference": "LINE", "tags": [14], "text": "【10億商機，帶領偏鄉找到活水】廣為人知的「巧虎」，是 福武總一郎 所創的倍樂生公司一手打造。2016年以瀨戶內國際藝術季，帶動當地數10億跳島觀光商機 >> http://bit.ly/2iUhzm6\n\n2017CWEF，福武總一郎 X 徐重仁，帶領我們借鏡日本，一起探討地方創生如何復甦偏鄉 >> http://bit.ly/2fUdvCP", "url": "https://cofacts.g0v.tw/article/5478605214708-rumor"}