{"createdAt": "2018-01-04T07:35:55.736Z", "hyperlinks": "[object Object]", "id": "AWDAGQ5ayCdS-nWhumQs", "reference": "LINE", "tags": [14], "text": "北台灣的棲蘭山裡，有3株遺世而獨立的「三姊妹」台灣杉，相當於20層樓的高度讓人難以一窺全貌。來自澳洲的團隊和台灣愛樹人協力幫這些魯凱族語形容為「撞到月亮的樹」拍攝等身照，拍攝結果令人震撼，也讓澳洲攝影師直呼「台灣人實在應該因為擁有這片森林感到驕傲」!!!  https://youtu.be/JMSm-TgsMz0", "url": "https://cofacts.g0v.tw/article/AWDAGQ5ayCdS-nWhumQs"}