{"createdAt": "2018-01-07T23:36:22.119Z", "hyperlinks": "[object Object]", "id": "AWDS-3FoyCdS-nWhumgq", "reference": "LINE", "tags": [16], "text": "親愛的朋友們💕給我2-3分鐘，幫我個忙好嗎？這是我很重要的朋友的一分問卷，幫我填一下，可以的話，順便幫忙轉傳一下，好嗎？\n\n王子伊需要你們的幫忙~這是我研究所的作業~請各位大德幫我填個問卷(please!)提交~感謝唷~~\n\n\nhttps://goo.gl/forms/JeQorBbRQ2VUYdqG3\n\n她是很厲害的紋繡師喲，北中南都可以找她，我大推", "url": "https://cofacts.g0v.tw/article/AWDS-3FoyCdS-nWhumgq"}