{"createdAt": "2017-11-06T14:09:15.029Z", "hyperlinks": "[object Object]", "id": "AV-RqfMWyCdS-nWhuisU", "reference": "LINE", "tags": [8], "text": "LINE收到這個好康消息嗎？\n「澎湖推出「消費券」！一人最多可以領1100元」這樣的訊息，這裡告訴大家「這完全是真的活動」啊！\n\n實際好康內容說明：\nhttp://www.mygopen.com/2017/11/11002017.html\n\n澎湖消費卷的詢問度超高， 2017/11/21 起推出這樣的「2017冬遊澎湖觀光遊客消費券」活動，大家可以安心去玩啦！", "url": "https://cofacts.g0v.tw/article/AV-RqfMWyCdS-nWhuisU"}