{"createdAt": "2019-01-08T06:23:17.938Z", "hyperlinks": "", "id": "uudl6ab9978t", "reference": "LINE", "tags": [3], "text": "「甘草止咳水」是不少人家中的常備藥品，但有位媽媽分享，小朋友不停咳嗽，阿公阿嬤拿「甘草止咳水」給小孩服用，沒想到小孩竟然開始抽搐、冒汗，送進加護病房，醫生就提醒家長，部分感冒止咳藥，含有類鴉片、類嗎啡的成分，小孩入口可能影響中樞神經，導致中毒。", "url": "https://cofacts.g0v.tw/article/uudl6ab9978t"}