{"createdAt": "2017-11-22T17:45:41.798Z", "hyperlinks": "", "id": "AV_k1dynyCdS-nWhujpH", "reference": "LINE", "tags": [3], "text": "知名導遊-林龍\n有感而發的寫\n這麼一篇文章\n總有一天等到你..\n\n@\n眼見為憑\n\n最近帶團遇到\n高齡老者，讓\n我想分享文章\n給大家參考，\n\n林X煌先生\n現年93歲，\n民國13年生，\n第一次破我帶團\n最年長紀錄，\n瘦瘦高高,\n不需要拿拐杖,\n什麼都吃,\n臉上掛著笑容,\n平常上午都在\n股票號子裡面\n貴賓室,\n下午就在陽明山\n爬山走路.\n\n劉X民先生\n95歲，\n民國11年生，\n再破帶團最高齡\n紀錄，\n平常就跟老伴\n參加羽毛球社，\n從五十多歲開始\n早上四點鐘起床\n先喝一杯溫開水100 CC，\n下樓到榮興花園\n運動，打太極、\n跳元極舞，\n每天早上固定\n去菜市場買菜，\n這樣持續到最近\n才改成純散步，\n愛看書，\n每天吃魚，\n他客氣的說\n自己的缺點\n就是脾氣不好。\n\n前些天帶一個\n家族團呂老先生，\n本省人台灣\n第一屆立委，\n連四屆共17年，\n台大教授，\n第一個 \n83歲牽著\n80歲老婆，\n從清境農場\n北售票口走到\n賓館-\n沒拿拐杖\n走在前面，\n第二天\n天空步道走到\n賓館，\n輕輕鬆鬆。\n\n三個老先生，\n共同的特徵都是\n高等教育、\n高高瘦瘦、開朗、健談、每天走路，\n都有妻子兒女，\n不愁吃穿、\n三人什麼都吃。\n\n最近看了一篇: \n50歲之後吃得\n越清淡，\n老化就越嚴重，\n好像有道理\n我濃縮精華\n分享如下:\n老人健康的關鍵，\n與其說是疾病，\n不如說是老化。\n若要抑制老化，\n粗茶淡飯\n不但沒有幫助，\n反會增加老化\n速度。\n原因是，\n老年人胃口變小\n三餐粗茶淡飯，\n熱量和營養素\n就會不足，\n免疫力下降。\n營養不足，\n因心肌梗塞、\n狹心症等\n心血管疾病死亡\n的風險變大。\n不吃肉的人比\n兩天吃一次肉的\n人患痴呆症的\n概率高一倍。\n\n日本長壽之鄉\n沖繩的長壽老人，\n都有吃肉的習慣。\n他們每天都吃肉，幾乎沒有人患\n心血管系統的\n老年病。\n1、\n每一餐都很重要，\n紅肉白肉都要吃，\n但不多吃。\n少量、多樣化。\n肉食多樣化，\n可增添人的食慾。\n「吃畜肉不如吃\n禽肉，吃禽肉\n不如吃魚肉。\n老年人的飲食\n應以魚、奶、蛋\n為主」\n2、\n三餐份量均衡。\n3、\n食物選擇上，\n充分攝取動物性\n蛋白質並選取\n高抗氧化食物。\n4、\n不要只挑軟的\n食物吃-\n每口食物\n慢慢咀嚼。\n5、\n維持口腔環境的\n清潔-\n每半年到牙醫\n報到一次..洗牙，\n維持咀嚼能力。\n6、\n每週多外食幾次-\n創造想吃的慾望，\n不同的餐廳，\n挑戰味蕾\n一週來一次。\n7、\n多燉少炒，\n理想烹飪方式。\n8、\n生病時，\n要少吃肉-\n感冒的時候，\n不宜吃\n雞肉、羊肉\n「適合自己的\n食物、運動、\n生活，才是\n最好的養生\n方法。」\n\n退休不見得\n一定是找鄉下,\n跟據資料\n人瑞最多的地方\n還是在雙北, \n鄉下地方老人\n活得最健康的\n有新竹關西、\n台南將軍、\n台東池上、\n花蓮鳳林, \n還有沒想到的，\n退輔會的\n榮民之家目前\n百歲人瑞有99個。\n\n樹長千年當材披,\n人生百歲終須死, \n山中易有千年樹，\n人生難得百歲人, \n\n長壽當然跟遺傳\n有很大的關係,\n但是\n大致離不開,\n\n固定的生活作息.\n\n運動勞動流汗, \n\n沒有離開\n青山綠水,\n\n都不是自己\n獨處的生活,\n\n上面所說的\n幾個地區,\n都有很多老人\n的聚會所，還有\n老人的共餐, \n\n只是吃的很清淡,\n原來會營養不足. \n\n所以\n好好照顧\n你的身體，\n生活作息正常,\n心裡面不要\n藏著很多怨氣, \n不要經常\n忍氣吞聲,\n有不平的聲音\n就要講出來讓\n對方知道,\n快快的聽、\n慢慢地說、\n然後慢慢生氣,\n\n乩童要起乩\n也是先醞釀開始,\n先搖頭然後全身\n發抖蹬腳，\n然後神明才上駕。\n\n年輕的時候一定\n要把老本準備好,\n\n有三本:\n一\n老永健,\n趁你還可以的時候就要先把身體保養好,\n二\n老朋友、\n老飯友\n跟老伴一樣重要,\n不要離群索居,\n做個好相處的人,\n朋友自然就多,\n三\n老本，\n衣食無憂\n才可以悠悠哉哉\n到老。\n\n不管哪一個階段\n什麼時候都\n不要停止學習!!!", "url": "https://cofacts.g0v.tw/article/AV_k1dynyCdS-nWhujpH"}