{"createdAt": "2017-01-14T11:42:00.000Z", "hyperlinks": "[object Object],[object Object],[object Object],[object Object]", "id": "5501066964164-rumor", "reference": "LINE", "tags": [8, 15], "text": "台灣變成北韓了嗎？為什麼同性戀者自願找醫師做迴轉治療，醫生卻要被政府罰錢呢？\n我們來聽聽同性戀過來人（後同）怎麼說吧！\n\n🎥 記者會現場直播\nhttps://www.facebook.com/kairos.news/videos/561757390683012/\n\n📝 相關新聞\n「困惑找醫生，居然變犯罪？」\n救台盟重轟衛福部、林靜儀\nhttps://kairos.news/61008\n\n✒️ 【讀者投稿】 性傾向迴轉治療禁止　\n凸顯最矛盾的「世界潮流」\nhttps://taiwanfamily.com/100855\n\n更多最新消息請看幸福盟臉書粉絲頁\nhttps://www.facebook.com/Hope.family.tw/", "url": "https://cofacts.g0v.tw/article/5501066964164-rumor"}