{"createdAt": "2018-06-13T22:22:15.714Z", "hyperlinks": "", "id": "7u6obutnu3su", "reference": "LINE", "tags": [7, 15], "text": "1..陳哲男 高捷案、人頭戶洗錢、梁柏薰司法黃牛案 \n2.華磐和勞工局組織剝削泰勞集團：陳敏賢 ，嚴世華，王彩碧夫婦,周禮良.陳菊 ,林文淵, \n3.謝長廷任內 高捷案 公辦六標洩漏底標圖利特定廠商,11處導塌 還毀了 一地下道 損失 2億 \n4.趙建銘 台開案內線交易 土地開發 圖利 向藥商索賄 賣官 \n5.蔡清文 同上案 \n6.蘇建德&游世一同上案 \n7.趙玉柱,簡水棉同上案﹝另涉入多所學校關說校長職) \n8.民進黨汐止黨部 蔡茂雄 性侵兩名國中男學生 \n9.民進黨立委邱永仁 詐領健保 掏空 健 保局 已被起訴 \n10.民進黨立委林進興 詐領健保 掏空健保局 已被起訴 \n11.高雄市淨水廠水質不合格被解約卻又繼續讓扁親家任職的金棠公司運作,卻又決定讓扁親家黃百祿曾任職的金棠公司運作其 工程 \n12.羅文嘉 走路工賄選案 \n13.吳淑珍 姪兒 高職畢業 一年內 當臺鹽經理 兼差顧問費每月10萬 \n14.輪椅手羅太太 老公 變國營公司董事長 \n15. 小學畢業的江霞先後酬庸為台視華視經理國策顧問金恆瑋領雙薪身兼華視董事,總統府公然介入國營媒體 \n16.金管會 龔照勝 涉及弊案 只被逼下台 不敢辦 \n17.吳淑珍炒股 捐給 自家凱達格蘭學 校 陳由豪獻金事件公然說謊,變賣SOGO禮卷獲利百萬.逃漏稅數千萬以上 \n18.民進黨籍前台南市長張燦鍙及現任台南市議會議長黃郁文，被控涉及台南市安南區安中路既成道路土地徵收弊案,張燦鍙二審獲判六年徒刑，黃郁文八年 \n19.全民電通案》全民電通遭掏空 民進黨大老張俊宏涉嫌侵占全民電通公司20億以上,用來幫助同黨立委柯建銘選舉,被檢方求刑7年 \n20.政府投資﹝華揚史威靈)飛機製造公司，陷入長期虧損窘境，虧損金額已經高達兩百億台幣。 \n21.纏訟15年的榮星花園弊案，立委周伯倫被依貪污罪判處有期徒刑6年，褫奪公權4年。 \n22.桃園報導機場噪音回饋金弊案滾雪球般擴大！桃檢收押前大園鄉長楊英俊及郭麗綺兩廠商，發現民進黨籍立委郭榮宗曾以立委辦公室名義，行文交通部要求航站配合現金發放 \n23.民進黨籍立委徐志明因涉及貪污案被判刑十二年確定，高雄地檢署七日中午將他傳喚到案，發監執行。 \n24.張榮味由李登輝的黑金藍轉阿扁白金綠 蘇治芬當選後 已判無罪 \n25.民進黨新竹縣黨部主委陳文宏，涉嫌以每票新台幣一千元賄選，新竹地方法院檢察署偵查終結，求處有期徒刑兩年六個月 \n26.民進黨台北市議員許富男疑涉台北市道路工程弊案，檢方今天向法院聲押許富男。 \n27.民進黨人林光華因涉嫌索賄,被檢方判刑十年 \n28.民進黨南投縣長彭百顯涉嫌工程圖利案而被羈押 \n29.民進黨籍嘉義縣長陳明文於八十九年 率兩百名男子滋擾股東大會，暴力介入上市公司經營，依妨害秩序罪起訴 。 \n30.新竹市長蔡仁堅涉嫌違法收取回饋金，向竹科廠商索取三十九億回饋金，遭起訴求刑兩年半\n31.台南地檢署偵辦民主進步黨台南縣黨部去年底三合一選舉涉嫌以烤肉活動賄選案今天偵結 \n民進黨十四候選人賄選遭求刑 \n南檢對十四人求刑八個月，包括蘇煥智、曾王雅雲、劉正昌、郭國文以及新化鎮長候選人盧勝一、山上鄉長候選人王俊 仁、歸仁鄉長候選人楊木像、新營市長候選人李退之、學甲鎮長候選人陳金華、善化鎮長候選人梁楊玉華、關廟鄉長候選人胡欣甫，此外，還有縣議員候選人陳李翠香、洪嘉賓、陳永寬。 \n\n32.南檢求刑六個月的全是縣黨部人員及立委助理，包括縣黨部副執行長陳福全、活動組長劉延籐、文宣組長洪紹謙、縣黨部職員許惠君、黃香蘭、黃惠豐及立委助理林忠和。 \n\n33.民進黨台北市黨部剛卸任的黨代表林江晏，在台北市經營酒店，不僅持槍討債，還販賣毒品給陪酒小姐，行徑囂張，檢察官指揮專案小組，昨天晚間前往他的家中搜索，查獲手槍及毒品 \n\n34.行政院原住民委員會主委陳建年涉及幫女兒民進黨立委陳瑩賄選案，陳建年被提起公訴，求處有期徒刑二年六個月、褫奪公權八年。 \n\n35.前任民進黨籍台中縣長廖永來涉嫌大安港改建弊案被檢方約談，機要秘書史哲遭檢方起訴 \n36.前國策顧問民進黨大老余陳月瑛，因涉及新瑞都開發弊案，遭台北地檢署起訴求刑三年 \n37.（ＥＴＣ）弊案，台北地檢署十七日首波偵結，檢方認為遠通電收的公關業者精業公司協理蔡錦鴻，透過贈畫、飲宴對前 交通部長林陵三﹝深綠挺扁大將)機要秘書宋乃午行賄。宋乃午則涉嫌洩漏ＥＴＣ相關內容給蔡錦鴻，讓原甄審不利的遠通公司逆轉得標，全案依貪污、洩密罪嫌將宋乃午起訴，具體求刑十二年，蔡錦鴻則依行賄罪嫌起訴，求刑四年\n \n\n11 月22日市民再次檢舉，嘉義市府環保局與達和環保公司簽訂的委託操作管理契約有令人難解之處。87年為期6年的契約，每噸處理費用為789元，但是在93 年底市府環保局與同家廠商再簽訂15年的契約，每噸處理費用大幅調漲為1290元，漲幅高達63.5%，對於這種簽約內容與條件，市民深表不解\n\n\n民進黨台南縣黨部於十月九日，在新化鎮虎頭埤水庫風景區辦理千人烤肉活動，\n包括縣長蘇煥智在內，有數位參選人到場。遭人檢舉部分參加活動的人不用繳費即入園的情形，\n涉嫌賄選，經台南地檢署主任檢察官黃朝貴指揮警、調前往虎頭埤水庫風景區管理所搜索，掌握到一些可疑證據，包括放行紙條等。除了門票之外，還有烤肉活動換算起來，每人一百廿八元，檢方也列為否涉及賄選的重點項目。\n\n高雄縣出現新潮流禿鷹集團。全國惟一合法陸上開採砂石的地方，就在高雄縣政府旗山的圓潭，\n當地居民苦不堪言。開放開採政策的是縣長楊秋興與當時的台糖董事長吳乃仁，疑涉圖利；\n核准開採的6家業者，其中4家都是同一個老闆陳川林，與綠營新潮流派系關係深厚。\n兩名里長也現身說法，指當地居民從91年起，因為開採砂石之故，導致家園滿地泥濘、地下水超抽、居民又無水可用，農作物死光光，居民還被砂石業者恐嚇等情形。", "url": "https://cofacts.g0v.tw/article/7u6obutnu3su"}