{"createdAt": "2019-06-01T04:32:13.464Z", "hyperlinks": "", "id": "2h7bsh6gc3yb7", "reference": "LINE", "tags": [8], "text": "誰能查證電過了晚上十點再洗比較省電，我現在在洗全家衣服，我女婿很客氣的建議我半夜再洗，真的電錶這麼厲害會分的清是白天是晚上，跑的不一樣會省很多，我沒理他，我叫他給我證據，因為我聽說要向電力公司要申請不同電錶才有不是嗎？我白天洗，洗完曬外面易乾，省了烘乾衣服的電費，不是嗎？誰幫我查查，真的嗎？白天洗，跟晚上洗衣機洗衣服有省很多電嗎？", "url": "https://cofacts.g0v.tw/article/2h7bsh6gc3yb7"}