{"createdAt": "2018-10-19T09:14:32.552Z", "hyperlinks": "[object Object]", "id": "rxfsjh0mf4t6", "reference": "LINE", "tags": [13, 16], "text": "你的轉貼可能幫了一個日夜打工的辛苦大學生！\n\n郭董獎學金今天聽說還不足額申請，300個名額，才只收100多件申請書，每人十萬元，不限中低收，還有夜間部，據評審團消息，今年還調低了學業成績佔比，所以有努力就有機會\n\n申請收件日為2018年8月20日至10月30日～～你的轉傳就可能幫了一個孩子\nhttps://tw.news.appledaily.com/new/realtime/20181016/1448358/", "url": "https://cofacts.g0v.tw/article/rxfsjh0mf4t6"}