{"createdAt": "2019-04-06T14:16:24.587Z", "hyperlinks": "[object Object]", "id": "grsrmoqf0rwj", "reference": "LINE", "tags": [0, 15], "text": "美國國土安全部日前表示，今後入境美國的台灣旅客所持有之I-94入境卡及美國的「全球自動通關計畫」，都不會再以「中國台灣」做為其國籍稱謂，國籍將列為「台灣」。\nhttp://hkjam.com/?p=1680#\n。\n＜「台灣 正名•制憲」正是時候！＞\n\n值此，國際社會、世界各國紛紛表態支持台灣、力挺台灣之際，此時，不「正名•制憲」，更待何時！\n\n【中(華民)國、ROC是「舊中國的稱號」，其國家地位早已由 中(華人民共和)國、PRC所完全取代。台灣若繼續冒用舊中國名稱，只是自欺欺人、且不容於國際社會，亦侵犯到「中國」的代表權，更阻礙了「台灣參與國際社會的 正常權益與機會」。全世界唯一只會承認一個中國，即中華人民共和國PRC，此為無法改變之事實！】\n\n～～～～～\n德政府文件2018年已將台灣國籍改為「taiwanisch」；前駐歐洲國家外交官認為是「要把Taiwan和China做區分。」\n\n前駐歐外交官指出「國際不再提中華民國了，因為世界各國的語言，要把Taiwan和China做區分，沒有人知道中華是什麼， Chinese就是中國不是中華。」", "url": "https://cofacts.g0v.tw/article/grsrmoqf0rwj"}