{"createdAt": "2019-06-07T15:50:53.342Z", "hyperlinks": "", "id": "20zvl3gjvknjy", "reference": "LINE", "tags": [8, 15], "text": "有這麼誇張的事\n([) 3年多前我們高雄市立美術館已經被賣給 中國信託了(])\n 可以上網去中國信託查\n朋友原本在美術館做義工當他知道美術館已被賣給私人財團之後他就不去做義工了這是三年多前陳菊的傑作\n 高雄市民有幾個人知道呢我們的 美術館 這麼大一塊肥美的土地既然在不知不覺間\n竟然被出賣給私人財團\n\n請問一下高雄市這是我們的產業 你知道這件事嗎 ?\n難怪我們的300O億不見了 都在神不知鬼不覺之間我們都被出賣了\n\n我們的財富難怪越來越沒錢 \n\n醒來吧高雄市民不要裝作不知道繼續睡\n出來主持公義\n 站出來為自己 爭取權益\n別傻傻的一直支持出賣我們的人", "url": "https://cofacts.g0v.tw/article/20zvl3gjvknjy"}