{"createdAt": "2019-04-13T13:13:24.393Z", "hyperlinks": "[object Object]", "id": "wttspm877f5j", "reference": "LINE", "tags": [6], "text": "台北退休數學教師，在海邊用土造了一棟外形奇特的房子：拱形的房子不打地基，不裝空調也能冬暖夏涼，還能抗17級颱風、8級地震。2011年，何俊賢參加了第一屆台灣綠建築比賽，沒有學過建築的他，竟然打敗了日本建築大神伊東豐雄，獲得了第一名。 https://youtu.be/gf_PtLSx288", "url": "https://cofacts.g0v.tw/article/wttspm877f5j"}