{"createdAt": "2019-07-12T10:47:32.156Z", "hyperlinks": "[object Object]", "id": "182cifn1ddgw6", "reference": "LINE", "tags": [14], "text": "專家警告：地球上的氦氣快用完了，空飄氣球🎈已成為奢侈品！\n氦氣是用途廣泛的惰性氣體之一，但無法通過生產得到，世界的氦氣儲量將在10年內耗光😢😢😢，請把有限的氦氣留給核磁共振（MRI）、深海潛水等用途。http://www.epochtimes.com/b5/19/1/25/n11001277.htm", "url": "https://cofacts.g0v.tw/article/182cifn1ddgw6"}