{"createdAt": "2018-05-15T07:46:46.508Z", "hyperlinks": "[object Object],[object Object]", "id": "3kyn6ijp36v19", "reference": "LINE", "tags": [3], "text": "(婦人去「好市多」買鮭魚準備煮晚餐，沒想到一打開看見「三隻活生生...」緩緩爬出讓她嚇得狂吐！)【快來看】│這篇文不錯分享給你看│ →   http://ezp9.com/p129150.asp      (婦人去「好市多」買鮭魚準備煮晚餐，沒想到一打開看見「三隻活生生...」緩緩爬出讓她嚇得狂吐！)  →好友分享→【LOVE分享】→ http://goo.gl/FzlJTV", "url": "https://cofacts.g0v.tw/article/3kyn6ijp36v19"}