{"createdAt": "2019-08-18T09:35:42.651Z", "hyperlinks": "", "id": "2pzfxpom992ns", "reference": "LINE", "tags": [11], "text": "Dear大家～\n近日從大陸進貨的賣家們，\n請記得盡量不要使用在香港&廣東的集運物流公司～\n\n請記得盡量不要使用在香港&廣東的集運物流公司～\n\n請記得盡量不要使用在香港&廣東的集運物流公司～\n\n因為昨天下午浙江有舉辦給物流業者參與的公安會議～\n\n現在發往\n\n「香港」與「廣東」\n\n的快遞都需要～\n［開箱驗貨］\n［開箱驗貨］\n［開箱驗貨］\n\n快遞包了又拆、拆了又包\n被順走的機率會大增～\n建議大家不要想不開～\n\n雖然中國國內快遞一直都有實名交寄的特色，但長期出貨的賣家快遞員都知道你賣什麼的，所以其實不太會去拆～當然如果你的貨100%不怕丟失，仍然想由廣東一帶的物流派送還是可以der~\n附上物流業者po給我的微信相片～", "url": "https://cofacts.g0v.tw/article/2pzfxpom992ns"}