{"createdAt": "2018-07-04T06:38:11.309Z", "hyperlinks": "", "id": "wxaw2li7lub9", "reference": "LINE", "tags": [9], "text": "網路上一直流傳一篇「長輩愛傳的早安晚安問候圖片影片，暗藏中美俄日駭客釣魚程式竊取個資，某新聞台已連播35集受害情形！」的文章，經警政署165反詐騙查證這篇文章，竟是網友為了反制長輩們「問安貼圖、影片」洗版而放的謠言，民眾可以放心使用。", "url": "https://cofacts.g0v.tw/article/wxaw2li7lub9"}