{"createdAt": "2018-12-31T07:09:15.418Z", "hyperlinks": "", "id": "cbcsbbcgsfkz", "reference": "LINE", "tags": [8, 15], "text": "1、台電花457萬請了專家去做研究：家庭電器之中那個最耗電？你來猜猜？\n寒冰說：不用找 Google，基本上我用膝蓋想也知道答案！\n\n2、高雄政府曾花兩2億經費去修立德棒球場，建一個新的全壘打牆，做好後，又說不需要了而打掉！\n高雄政府又在棒球場做觀眾席椅子，做好椅子後又說，不乎合建築法規，又將半數觀眾席打掉！\n拜託欵！又兩億！\n\n3、高雄市議會因市縣合併而搬遷到現址，舊建築物閒置了。高雄教育局表示他們需要這地方使用，教育局花了1,700萬整修，結果整修後搬入不久又遷走，說他們找到一個更適合地點！ \n花媽錢出去了，人郤沒有選人來！", "url": "https://cofacts.g0v.tw/article/cbcsbbcgsfkz"}