{"createdAt": "2019-10-09T14:39:59.311Z", "hyperlinks": "[object Object]", "id": "2v2pi240k1ngw", "reference": "LINE", "tags": [13], "text": "雙十國慶將至，台北101觀景台祭出15年來最優惠的門票價，從10／10至12／30為期近3個月期間，上午9點到中午12點時段，國人持身分證明購票，單人票價只要101元，僅是原票價600元的1.6折\n\n原文網址: 台北101觀景台史上最低價！　國慶連假持身分證買票「下殺1.6折」 | ET Fashion 手機版 MobileWeb | ETtoday新聞雲 https://fashion.ettoday.net/news/1553687#ixzz61rrtcABz \nFollow us: @ETtodaynet on Twitter | ETtoday on Facebook", "url": "https://cofacts.g0v.tw/article/2v2pi240k1ngw"}