{"createdAt": "2019-10-31T04:56:50.206Z", "hyperlinks": "", "id": "3r9x6ivn1q7is", "reference": "LINE", "tags": [15], "text": "英國政府大學，正式來證明蔡英文沒博士學位，36年以來詐騙冒充博士學位，騙中華民國政府及全國人民，不知羞恥，還硬敖，要告台大教授賀德芬，彭文正及國外學者博士林環牆，俆永泰““等名博士學者，法院至今近四個月，不敢傳詢（按數名被告指望快上法院辨是非）菜蠅蚊內心恐慌不敢上法院見真章，現在已是國際大笑話及世界各政界學者追蹤查詢，事態嚴重，搞不好綠色總統會因案而換人🇹🇼🇹🇼🇹🇼🇹🇼🇹🇼", "url": "https://cofacts.g0v.tw/article/3r9x6ivn1q7is"}