{"createdAt": "2019-11-04T01:17:48.167Z", "hyperlinks": "[object Object],[object Object],[object Object]", "id": "b4h24gwyj58t", "reference": "LINE", "tags": [3], "text": "(james wink)藝人郭雪芙自製「排毒水之王」刮油美白喝回尖下巴\nhttps://bit.ly/2PQTgEh\n\n(moon wink)46歲的他戒了洗髮精、改變洗頭方法，4個月就讓頭髮長回來\nhttps://bit.ly/2PEVF6R\n\n🙏雙手合十做10次，甩開肥胖、暢通淋巴堵塞\nhttps://bit.ly/2l1TPtX", "url": "https://cofacts.g0v.tw/article/b4h24gwyj58t"}