{"createdAt": "2017-12-08T03:16:12.943Z", "hyperlinks": "", "id": "AWA0H5QQyCdS-nWhukg8", "reference": "LINE", "tags": [8], "text": "(!‼️)假如發生交通意外事\n(❌)不能跟警方說身體不舒服或生病\n(⭕️)要說視線不好或疲勞駕駛或閃神\n(❌)絕對不能說生病或心臟疾病發作\n(‼️!保險公司有可能用這個不理賠)\n(⭕️)盡量以（意外）理由做筆錄\n(💯)告知你們的兒女們以後開車遇到問題，一定要這樣子處理。\n\n(⭕️)汽機車產物保險因生病疾病出事故是不理賠的，一定要記住。", "url": "https://cofacts.g0v.tw/article/AWA0H5QQyCdS-nWhukg8"}