{"createdAt": "2019-09-23T12:55:54.904Z", "hyperlinks": "", "id": "l3zq3976wriz", "reference": "LINE", "tags": [8], "text": "⛔中和區\n屈公病管制區域\n\n1️⃣福南里興南路二段24巷往國強嶺、國勝嶺路口\n2️⃣内南里興南路二段114巷18弄2號前鐵門至8號\n3️⃣内南里興南路二段142巷底\n4️⃣外南里南山路236巷63弄\n5️⃣中興里中興街233巷8弄復興國小旁\n6️⃣中興里中興街263巷中興公園3條步道\n7️⃣慈雲寺入口（圓通路369巷66號）\n8️⃣圓通路367巷68號\n9️⃣一線天登山步道\n1️⃣0️⃣通往春秋墓園道路\n1️⃣1️⃣圓通路305巷\n1️⃣2️⃣圓通寺內及停車場路口\n1️⃣3️⃣曉山青社區旁\n1️⃣4️⃣樂天宮路口。\n\n❌請民眾近日避免前往‼️", "url": "https://cofacts.g0v.tw/article/l3zq3976wriz"}