{"createdAt": "2019-10-05T06:35:58.992Z", "hyperlinks": "", "id": "33uwop17x4jut", "reference": "LINE", "tags": [11], "text": "江蘇21歲的趙女士和男友一起租住在一間平房，這處民居中還有其他租客。今年初趙某竟因吹頭髮引發火災，致4人喪生！近日她被起訴涉嫌失火罪，面臨4到6年的入獄刑罰。\n\n\n\n\n\n\nAdvertisements\n\n \n\n\n事發當天淩晨一兩點，趙某回到住處洗頭，將吹風機放在床上離開去洗衣服。沒多久，她看到院子裡有濃煙，房間燒了起來。她趕緊敲了左右兩邊的房門，讓大家儘快逃生。淩晨3點半左右，明火才被撲滅。不幸的是，有4人在火災中遇難，還造成十萬餘元的損失。\n\n\n\n趙某說，吹風機是她從一個市場上買來的，沒有發票，具體品牌也不記得了。根據檢方鑒定，吹風機的線路二次熔斷。可以判定，火災時吹風機處於通電的狀態。22日，這起案件在鼓樓法院開庭審理。檢方認為趙某涉嫌失火罪，建議量刑4到6年。\n\n\n\n\n\n\n\nAdvertisements\n\n \n\n\n那天，小編和家裡人還在爭論，剛用完的吹風機就收進抽屜，有沒有危險？ 來看看最近幾年的一些例子吧。\n\n\n\n嘉興的夏女士吹完頭髮後，像往常一樣把吹風機放在了衣櫃的抽屜裡，抽屜裡還有不少生活用品。半小時後，夏女士返回房間拿東西，卻聞到了一股焦臭味，還有煙從抽屜裡冒出來。她被嚇了一跳，立馬打開抽屜撲滅了煙，而此時，吹風機出風口（塑膠的）已完全變形，抽屜裡的不少物品也被燒壞。\n\n\n\n江蘇鎮江的一位媽媽用吹風機烘乾尿布後，把吹風機放在床上離開了。不久，吹風機引燃了蓋在女兒身上的毛毯，導致七個月大的女兒悅悅全身18%面積重度燒傷。所幸經救治，悅悅情況穩定。\n\n\n\n冬天來了，大家用到吹風機的時候很多，提醒大家，吹風機使用完後一定要放置片刻，等出風口冷卻後再收起來！\n\n\n\n\n\n另外，還有這些注意事項需要知道：\n\nAdvertisements\n\n \n1、購買吹風機時，選擇正規管道、知名品牌的產品，買有過熱保護功能的(溫度一高就會自動停下來)吹風機。\n\n\n\n2、使用吹風機時，人不能離開，更不能隨便擱置在台凳、沙發、床墊等可燃物上。\n\n\n\n3、不要過長時間使用吹風機，以免溫度過高電線燒壞引起火災。\n\n\n\n4、儘量不要倒吹。吹風進的進風口吹發尾時，頭髮極易被絞住。曾有新聞報導，23歲的謝小姐洗完頭喜歡學理髮師的樣子，用吹風機不出風的那頭吹吹發根的地方，頭髮會蓬鬆。可這天，吹風機竟然把她左側的一撮頭髮捲進去了，而且頭皮也被撕開了一個直徑3、4釐米的創口!倒吹有危險，別輕易嘗試，另外吹風時也要與頭髮保持一定距離，避免燙傷。\n\n\n\n5、吹風機不得在浴室或濕度大的地方使用，避免觸電危險。\n\n\n\n6、吹風機用完後，記得關閉開關，並拔下電源插頭。\n", "url": "https://cofacts.g0v.tw/article/33uwop17x4jut"}