{"createdAt": "2019-04-07T09:25:29.729Z", "hyperlinks": "", "id": "6ij6pw79tidw", "reference": "LINE", "tags": [11], "text": "This dog's job is to sniffs for truffles. The sadistic contraption on his mouth is to keep him from eating the pricey truffles. When truffle-dogs aren't working, they're kept in small cages, never taken for a walk, and only temporarily released to go to work. Please don't eat truffles, they're not worth these pups' agony.", "url": "https://cofacts.g0v.tw/article/6ij6pw79tidw"}