{"createdAt": "2019-07-29T03:41:33.969Z", "hyperlinks": "[object Object],[object Object],[object Object],[object Object]", "id": "qjjoj8k58xea", "reference": "LINE", "tags": [14], "text": "8個內行人才知的Google Maps密技大公開！沒網路也可導航、還能防旅伴走散，出國必備啊！\nhttp://bit.ly/2LMaX8F\n\n(pencil)相關報導：\n\nChrome竟然能變這麼好用！8款「超實用擴充」讓你工作效率大提升，不知道實在太可惜！\nhttp://bit.ly/2LM2l1Q\n\nLINE上竟然有這麼多「實用小工具」！不用另裝App就能記賬、查成語，不知道實在可惜！\nhttp://bit.ly/2LLhznR\n\n【分享好文章，請長按此訊息轉傳】\n\n(fire)追蹤風傳媒IG，更多熱門資訊一手掌握\nhttp://sc.piee.pw/HB7HL", "url": "https://cofacts.g0v.tw/article/qjjoj8k58xea"}