{"createdAt": "2019-10-06T11:14:48.091Z", "hyperlinks": "", "id": "1ql48qpb4whjk", "reference": "LINE", "tags": [12], "text": "👇昨晚香港黃大仙被暴徒打傷的老人家延至今早離世😭天理何在🤬有人發聲嗎？記者看著老人家被打，只有拍攝沒有阻止暴徒沒有拯救老人家，真可惡！此新聞有媒體報導嗎？有人為此默哀嗎？暴徒殺人呀🔥🤬\n蔡政府還力挺這群香港暴徒，如果明天這些暴徒轉入台灣怎麼辦？", "url": "https://cofacts.g0v.tw/article/1ql48qpb4whjk"}