{"createdAt": "2017-01-17T11:16:00.000Z", "hyperlinks": "[object Object]", "id": "5515169859604-rumor", "reference": "LINE", "tags": [12], "text": "這份菜單很妙，手指點哪個菜名，就會有師傅在視頻裏教如何操作，非常實用。https://mp.weixin.qq.com/s?__biz=MzI5MjA1MTMxNA==&mid=507370749&idx=1&sn=4fa3d185668e14a2492b5512a2ead52d&chksm=77ce3ce040b9b5f64b1fab587029980127001cc29e73b2f7717ec96bf02aa4d77e14ec4b6d00&mpshare=1&scene=1&srcid=1119mZtMRyH5pinrYA0QEjlU&from=groupmessage&key=564c3e9811aee0abd42ba9194aad2df84750136b84aecad3015248d135af34138863d44773d12ccbe4db724263600d329a6bc86380ae255c88a4590b5a5b1b9f3f96328f1434864e4fdd79b1aed8e536&ascene=1&uin=MjIyNDE1ODY0&devicetype=android-23&version=26031f41&nettype=WIFI&abtest_cookie=AQABAAgAAQAkhh4AAAA%3D&pass_ticket=XZASFXPv2Dp3SkFFNipk8mEhmRp7CE%2BNb%2Fjsu7Zodtw%3D&wx_header=1", "url": "https://cofacts.g0v.tw/article/5515169859604-rumor"}