{"createdAt": "2018-08-23T22:23:42.120Z", "hyperlinks": "[object Object]", "id": "65207nfzuafl", "reference": "LINE", "tags": [3, 7], "text": "【德國政府新規：以後政府宴請 都吃素！】\n      \n🌎帶頭對抗全球暖化，刻不容緩！\n      \n德國政府這次震驚了全世界的政界：禁止所有肉類出現在官方活動中！\n      \n《英國電報 Telegraph》報導：德國的環保局局長 Barbara Hendricks 剛禁止了肉類在所有政府官方活動中出現。德國一向以來都是以環保著稱，而這一行為也是為了對抗氣候變化。這次抉擇是由一封由一高級公務員的信件公布的，郵件里標註了「肉類消耗的負面影響」，以及政府對於「帶頭」的義務。\n      \n環保局的一句話是這麼說的：我們並不是在告訴所有人他們應該吃什麼。我們只是想做一個好的保護氣候的示例給大家看，因為素食比肉和魚都更加友好。\n🌍環保局局長Barbara呼籲政府官員「以身作則」\n      \n根據最新《英國衛報 The Guardian》報導，這一舉措可是引發了極大的爭議。\n      \n不過儘管這個抉擇是科學支持的，德國政府中並不是每個人都對此舉措感到高興。作為一個有許多知名肉類生產的國家，這個行動讓許多環保局的政客大喊其「管理過度Nannystate」，因為自己在活動中不能夠吃到肉和魚了。\n      \nBarbara在議會中反駁：「你們怎麼以身作則？」\n      \n但是環保局發言人 Michael Schroeren 和《衛報》說：我們走出了這一標誌性的一步，將肉和魚都在對外活動中摒棄掉，是因為我們想要做到我們一直以來所宣傳的。對於我們來說，這是一種可靠性。\n            \n\n🌎科學的支持\n      \n摒棄動物製品是對抗氣候變化的絕佳手段。事實上，連聯合國都指出動物養殖業是溫室氣體排放的主要大頭。根據聯合國糧農組織：飼養農場動物所排放的二氧化碳，是全球人為排放的15%，其中，更是以牛肉和牛奶生產最為污染。\n      \n一份2015年由查塔姆宮研究所（英國皇家國際事務研究所）的報導發現：摒棄吃肉，並且轉為植物性飲食，將能夠保持地球不繼續暖化，並能夠在將溫度保持在比工業化前的時期高2度以內。這份報導也同樣建議政府應該開始行動，帶領大眾摒棄動物製品。\n      \n我們很清楚的看到，純素食飲食是十分友好，且必要的。但是同樣的，植物性飲食還能夠保護您的健康，以及幫助數不清的動物脫離工業化養殖場不盡的痛苦。\n      \n更光明的明天，只需慈悲飲食！🌎\n文字來源：2018.08.13 \nhttp://www.readdoo.com/post764186/133", "url": "https://cofacts.g0v.tw/article/65207nfzuafl"}