{"createdAt": "2019-05-25T14:50:36.957Z", "hyperlinks": "", "id": "2lu9mmflkztcp", "reference": "LINE", "tags": [11], "text": "農曆生日看你是大富、中富還是小富？准到讓人害怕！\n\n\n\n\n關於農曆日期的運勢你瞭解多少呢?接下來，我們就來看一看，哪些天出生的朋友，天生財運爆棚，福氣深厚吧!\n\n大富\n\n\n\n農曆2日、3日、8日、12日、18日、24日出生\n\n\n\n這6個農曆日期出生的人，天生富貴命，不僅頭腦精明，能力出眾，而且還會受到上天的眷顧，一生得到親朋好友的幫助。遇到困難往往可以找到解決的辦法，不會經歷很多的苦難。即使出生貧窮家庭，也可以發揮自身才能，成就一番事業，財源不斷，大富大貴。\n\n\n\n中富\n\n農曆1日、9日、10日、15日、20日、30日出生\n\n這6個農曆日期出生的人，命中藏財，性格堅韌不拔，勤奮好學，心地善良，喜歡為別人考慮，一生受到祖先的保佑，平平安安，身體健康，往往可以心想事成。憑藉自身的才能，可以成為職場中的佼佼者，受人羨慕。30歲後，會迎來良機，如果可以好好把握，一定可以發家致富，走向成功。\n\n\n\n小富\n\n農曆6日、11日、16日、22日、25日、28日\n\n這6個農曆日期出生的人，會受到吉星的庇佑，為人仗義豪爽，有勇有謀，愛拼搏愛闖蕩，一生財運橫身，不需要為了金錢而擔憂，無病無災，福祿雙全。如果可以選擇從商，必定事業有成，收入頗豐。40歲後，大富大貴，功成名就。", "url": "https://cofacts.g0v.tw/article/2lu9mmflkztcp"}