{"createdAt": "2019-12-20T02:44:08.459Z", "hyperlinks": "", "id": "3ugmefhhcygy0", "reference": "LINE", "tags": [11], "text": "這是新的詐騙手法嗎?!\n轉PO一位學長的真實經歷~~提醒大家小心~~\n文章有些長~~\n========================================\n\n午後回辦公室的路上，遠遠的一個年輕人從擁擠的人群中注意到我，一直注視著我直到擦肩而過。是個瘦小但西裝筆挺的巴基斯坦人，諾大的眼睛炯炯有神。\n\n「先生，」他忍不住叫住我，我原本以為他要問路。\n\n「相信我，我知道你與眾不同」他誠懇地用英文一字一字慢慢說，「你被埋沒了很久，只缺一個舞台。我看得到。」真是驚人，沒想到走在街上會遇到天眼通，字字點到心坎裡。「你的好日子快到了，忍耐一下，過了年底你會感覺很不一樣。」看到我並沒有厭惡的表情，也聽得懂英文，他開始侃侃而談，虔敬的從皮夾拿出一張照片，上頭一個印度大師被幾十個追隨者包圍聽講道。順便提醒我記得把外婆的照片保存在皮夾中。\n\n他神秘的寫了幾個字，撕下來揉成一團，然後問我幾歲、喜歡什麼顏色、幸運數字等等，告訴我把紙團吹口氣放在額頭上可以帶來好運，然後提醒我人不知而不慍，問我人生最大的夢想在哪裡。一個素昧平生的過客對我的關心遠遠超過想像，他觀察到的我的性格恰恰好是如此符合，他預告光明的未來如此令人嚮往。然後叫我打開談話之前他揉過的紙團，上面準確的寫著我方才才告訴他的顏色、幸運數字，這似乎都是冥冥中註定的神蹟。\n\n短短幾分鐘，這位年輕帥哥用一連串的預言誠摯地告訴我我是個不平凡的人，用高度同理心，道出一個中年男子的危機感，令人感動得五體投地。\n\n接著他又告訴我更遠大的哲理，開口前我很有禮貌地打斷他，請他等我一下下......一下下就好......我緩緩地望著他深邃的眼睛，露出淡淡的笑容，希望時間為我暫停一下，享受最後的寧靜。從他最開始叫住我的時候，他的眼神已經告訴了我答案，為什麼我如此貪心，想多聽他說點我對事業的雄心，對家庭的熱愛，對人生的期待，不揭穿，只希望是真的該有多麼美好。\n\n.\n.\n.\n\n年輕人從皮夾內層抽出一張紙條，跟我解釋泛泛之輩$2000，佼佼者$4000，人中之龍$6000，問我想成為哪一種人，願望很快會實現。我跟他說區區這幾類就想打發我，燕雀安知鴻鵠之志？我的理想無價。然後就過馬路了。\n\n其實整件事情透出淡淡的哀傷。一個中年男子為了自信只能拜託詐騙集團多說一點好話。平時喇賽的朋友真的太少了。", "url": "https://cofacts.g0v.tw/article/3ugmefhhcygy0"}