{"createdAt": "2019-10-07T02:44:06.893Z", "hyperlinks": "", "id": "10owqqr59a378", "reference": "LINE", "tags": [0], "text": "澳門比香港晚兩年回歸，澳門回歸前跟香港根本比不上，上不了檔次，但同樣在實施一國兩制，澳門悶聲發大財，依IMF公布2018年澳門人均GDP是12萬2489美元，次於產油的卡達居世界第2名。所以，別老拿香港的一國兩制在說事，怎麼不敢拿澳門的一國兩制在說呀？兩岸四地(台、港、澳、內地)在做制度上的實驗與評比，內地對其集中力量辦大事、一代接力一代幹下去的制度，人民越發感到優越與自信，所以對於港、台受外部勢力的介入之小打小鬧，有其大國的定力在。人生七十才開始，新中國建政邁入70年，對內；把一個實質上地方勢力割據四分五裂的中國，真正做到統一；對外：將一個積弱貧困百年且受到列強瓜分欺凌的民族，真正做到自主獨立於世界；人民一窮二白到現在的世界第二大經濟體，有4億多的中產階級，在2021年其第一個100年時，14億多的人民全部脫貧，2035年的中產階級達到8億多。對照之下，港、台有把自己當回事的本錢嗎？我們拭目以待六年後的2025年吧！屆時看看深圳、上海能否真的取代香港？被現在美國川普政府力挺的台灣，這枚棋子屆時又會是處於怎樣地位？時間及歷史會去證明的。", "url": "https://cofacts.g0v.tw/article/10owqqr59a378"}