{"createdAt": "2018-09-30T03:08:39.389Z", "hyperlinks": "[object Object]", "id": "3kwiinp32j5c9", "reference": "LINE", "tags": [3], "text": "\n      米酒蒸地瓜\n\n真的有效！\n經驗分享：\n未看過此影片前，在一次旅遊時，一個未曾相識的人告訴我，米洒蒸地瓜可治膝蓋痛，在半信半疑下，試吃了幾次，結果膝蓋真的不痛了，現在只要地瓜出產時就蒸幾次來吃。\n從此跟膝蓋痛説拜拜！\n經驗分享好友\n                        \n\n米酒蒸地瓜http://m.youtube.com/watch?v=4HHseSFpwBE", "url": "https://cofacts.g0v.tw/article/3kwiinp32j5c9"}