{"createdAt": "2018-05-21T06:49:45.560Z", "hyperlinks": "", "id": "1jmmhx8mjrdj0", "reference": "LINE", "tags": [3], "text": "深海魚油功效究竟如何？ 專家剖析利弊\n【大紀元2013年01月24日訊】（大紀元記者魏思明溫哥華報導）深海魚油、海豹油因價格便宜、體積小，是不少移民回國送禮的選擇，不過面對品種繁多、價格差異大的各種魚油，以及到底魚油的功效到底如何，卻是多年來令很多人困惑的問題。日前坐落在溫哥華的卑詩大學UBC的一項突破性研究揭示了這個謎底，深海魚油對飲食不均衡的人群來說，可能弊大於利。", "url": "https://cofacts.g0v.tw/article/1jmmhx8mjrdj0"}