{"createdAt": "2019-05-29T04:39:08.686Z", "hyperlinks": "", "id": "2rasmcd5rcq9l", "reference": "LINE", "tags": [8], "text": "台灣的公務員何其幸福，新加坡２０１２年起大變革：\n１：直接取消退休金制度\n２：每年資遣一定比例表現不佳人員\n３：各級人員特別費及領導加給一律取消，採責任制\n４：六成薪資每年由公民薪資最高的前１０００人決定；剩餘的４成看四個指標：〈實質薪資中位數成長率〉〈收入最低２０％者實質薪資成長率〉〈整體失業率〉〈實質ＧＤＰ成長率〉４大指標，若未達標４成薪資０\n\n施行以來，成效良好，公務員對民眾同理心大大上揚。\n大陸產官學界大加肯定，呼籲比照\n台灣絕大多數人連知道都不知道", "url": "https://cofacts.g0v.tw/article/2rasmcd5rcq9l"}