{"createdAt": "2019-12-30T13:20:46.668Z", "hyperlinks": "", "id": "1nrcyks999jn9", "reference": "LINE", "tags": [15], "text": "轉傳\n請審慎安裝「美玉姨網」\n\n美玉姨是網路機器人，911之後美國成立國土安全部，整合CIA、 FBI、DEA等各情資，負責美國的安全，其中成立一個資訊安全局，利用衛星、科技等把全世界網路訊息，比如內容有談到阿拉、可蘭經、真主之類的就會編號跟蹤。\n\n唐鳳是華裔美人，原在美國資訊安全局任職。2016民進黨掌權後，美台(民進黨)密謀，唐鳳來台成立資訊小組，專司發展網軍。美玉姨就是其產品，負責情蒐、灑毒(放假消息)、消毒等工作。\n\n它不是自動侵入，而是只要妳安裝它的程式，它就侵入妳家電腦或手機（智慧型）了。", "url": "https://cofacts.g0v.tw/article/1nrcyks999jn9"}