{"createdAt": "2018-11-07T21:46:14.610Z", "hyperlinks": "[object Object],[object Object]", "id": "2l55kej685mqv", "reference": "LINE", "tags": [14], "text": "花博豐原跟外埔兩個園區，第五天就開始沒人了\n\n花博豐原園區人潮稀落 攤販等嘸人「租約到就不擺了」\nhttps://udn.com/news/story/7266/3465977\n\n花博開幕進入第5天   外埔園區人潮稀落\nhttps://tw.mobi.yahoo.com/news/%E8%8A%B1%E5%8D%9A%E9%96%8B%E5%B9%95%E9%80%B2%E5%85%A5%E7%AC%AC5%E5%A4%A9-%E5%A4%96%E5%9F%94%E5%9C%92%E5%8D%80%E4%BA%BA%E6%BD%AE%E7%A8%80%E8%90%BD-091520369.html", "url": "https://cofacts.g0v.tw/article/2l55kej685mqv"}