{"createdAt": "2018-12-09T01:53:55.190Z", "hyperlinks": "[object Object]", "id": "14ai0a97yam0", "reference": "LINE", "tags": [13], "text": "12/1 ~ 12/25，每天點聖誕樹就可以抽星巴克買一送一券。最近要請朋友、家人、客戶喝咖啡的話，快把這篇存下來，每天都能抽禮物。偷偷說多切換幾個帳號，機會更高。我玩了5次才終於抽到買一送一券，不過朋友玩3次中2，大家的運氣如何呢？🎊🎁 ＃歡迎分享\n-\n日期：2018/12/1 ~ 2018/12/25\n連結：http://bit.ly/2Q4PcDP\n玩法：詳見影片\n獎項：\n1. 好友分享，飲料買一送一\n2. 第二杯半價\n3. 大杯美式咖啡好友分享\n4. 咖啡豆88折\n5. 商品9折\n6. 糕點88折\n7. 包裝食品9折\n-\n#買一送一 ＃星巴克 #Starbucks #Christmasiscoming 星巴克咖啡同好會(Starbucks Coffee)", "url": "https://cofacts.g0v.tw/article/14ai0a97yam0"}