{"createdAt": "2017-10-31T10:16:46.203Z", "hyperlinks": "[object Object],[object Object],[object Object]", "id": "AV9x7vN9yCdS-nWhuiYy", "reference": "LINE", "tags": [8], "text": "(train)高雄輕軌11/1起，全線採一段票收費，請按規定購票、刷卡上車\n\n▒ 刷卡方式 ▒\n✔可於月台刷、或列車上刷，不過最遲需於上車後立刻完成刷卡。\n✔只要刷一次就好，全線採一段票收費。\n✔可以刷【一卡通】\n✔可以刷【遠鑫有錢卡（HappyCash）】。\n✘無法刷【悠遊卡】（因悠遊卡公司未完成於高雄捷運系統加值服務條件，屆時將無法於輕軌系統刷卡上線。）\n\n▒ 收費方式 ▒\n✔11/1至明(107)年2月28日為止，使用電子票證者一律10元收費。\n✔紙票(單程票)票價一律30元。\n\n★敬老、博愛等身分及博愛陪伴者優惠方式／無票乘車違約金規定\nhttps://goo.gl/JcZayi\n\n☎高雄輕軌客服專線(07)793-9676\n\n✎相關資訊\nhttps://goo.gl/4HkfAv\nhttps://goo.gl/roQLar", "url": "https://cofacts.g0v.tw/article/AV9x7vN9yCdS-nWhuiYy"}