{"createdAt": "2018-04-14T15:33:25.699Z", "hyperlinks": "[object Object]", "id": "1qf4t20by6ufc", "reference": "LINE", "tags": [14], "text": "https://www.facebook.com/VIDEOOTI/videos/343812022777503/\n\nHi, I'm Mark Zuckerberg The Director of facebook.\n\nHello everyone, it seems that all the warnings were real, facebook use will cost money\n\nIf you send this string to 18 different from your list, your icon will be blue and it will be free for you.\n\nIf you do not believe me tomorrow at 6 pm that facebook will be closed and to open it you will have to pay, this is all by law.\n\nThis message is to inform all our users, that our servers have recently been very congested, so we are asking for your help to solve this problem. We require that our active users forward this message to each of the people in your contact list in order to confirm our active facebook users if you do not send this message to all your facebook contacts then your account will remain inactive with the consequence of Lose all your cont the transmission of this message. Your SmartPhone will be updated within the next 24 hours, will have a new design and a new color for the chat. Dear Facebook users, we are going to do an update for facebook from 23:00 p.m. until 05:00 a.m. on this day. If you do not send this to all your contacts the update will be canceled and you will not have the possibility to chat with your facebook messages\n\nWill go to pay rate unless you are a frequent user. If you have at least 10 contacts\n\nSend this sms and the logo will turn red to indicate that you are a user\n\nConfirmed ... We finish it for free Tomorrow they start to collect the messages for facebook at 0.37 cents Forward this message to more than 9 people of your contacts and it will be free of life for you to watch and it will turn green the ball of above do it and you will see.to 9 of you\n\n\n=====\n\n嗨，我是馬克扎克伯格Facebook的總監。\n\n大家好，似乎所有的警告都是真實的，Facebook的使用會花錢\n\n如果您將此字符串發送至與您的列表不同的18個字符，您的圖標將變為藍色，並且對您而言將是免費的。\n\n如果明天下午6點你不相信我，Facebook將被關閉並打開它，你將不得不支付，這一切都是依法進行的。\n\n此消息旨在通知所有用戶，我們的服務器最近已經非常擁擠，因此我們正在尋求您的幫助來解決此問題。我們要求我們的活躍用戶將此消息轉發給您聯繫人列表中的每個人，以便確認我們的活躍Facebook用戶，如果您未將此消息發送給您的所有Facebook聯繫人，那麼您的帳戶將保持不活動狀態，從而導致丟失所有您的信息的傳輸。您的智能手機將在接下來的24小時內更新，為聊天提供全新設計和新顏色。親愛的Facebook用戶，我們將從下午23:00開始更新Facebook。直到這天的凌晨05:00。如果您沒有將此信息發送給所有聯繫人，則更新將被取消，您將無法與您的Facebook消息進行聊天\n\n除非你是經常使用的用戶，否則會去支付費用。如果您至少有10個聯繫人\n\n發送此短信，徽標將變為紅色，表示您是用戶\n\n確認...我們免費完成明天，他們開始收集0.37美分的facebook消息轉發此消息給超過9人的聯繫人，它將免費供您觀看，它會使球變成綠色以上做到了，你會看到你的9", "url": "https://cofacts.g0v.tw/article/1qf4t20by6ufc"}