{"createdAt": "2018-01-22T13:34:55.769Z", "hyperlinks": "[object Object]", "id": "AWEeFDMbhutQxxU6tqMg", "reference": "LINE", "tags": [3], "text": "套袋塑膠袋橘子的秘密！\n\n很多人喜歡吃正是盛產、甜又多汁的椪柑，但是您知道嗎？這些套上透明塑膠袋的椪柑，為了延長保存期會過一次加了防蟲劑的水再套上塑膠袋，因此醫生警告，摸了這種碰柑果皮再徒手拿果肉的話，裡頭的殘留毒素會讓你鬧肚子、嚴重的話還會嘔吐、罹患急性肝炎。\n所以吃之前還是要把橘子洗乾淨再撥來吃！\n\nhttp://www.youtube.com/watch?v=w_-Q0o_IDCA&feature=player_embedded", "url": "https://cofacts.g0v.tw/article/AWEeFDMbhutQxxU6tqMg"}