{"createdAt": "2017-11-11T08:36:08.666Z", "hyperlinks": "", "id": "AV-qOMdbyCdS-nWhui9d", "reference": "LINE", "tags": [11], "text": "同事分享的…國防大學理工學院，明年有招收30個“中科院代訓生”，大學四年讀書期間由中科院編列預算支應學費及月領一萬五，畢業之後文職勞保聘用，起薪五萬一，任職期間，還可以帶薪攻讀碩博士……如果你家孩子今年高三，對理工有興趣，將來想進中科院服務，可以考慮喔！", "url": "https://cofacts.g0v.tw/article/AV-qOMdbyCdS-nWhui9d"}