{"createdAt": "2019-01-19T02:16:34.992Z", "hyperlinks": "", "id": "1lznfkdehx92m", "reference": "LINE", "tags": [11], "text": "1946年，二戰勝利次年，英國首相丘吉爾邀請世界五強『中美英法蘇』同盟國部隊前赴倫敦遊行，接受英國群眾歡呼慶賀。\nROC國軍係孫立人將軍的部隊代表参與遊行。\n\n劉放吾團長係孫立人將軍的得意常勝部下。\n\n由於ROC並無陸軍子弟小學，屏東空小破格錄取劉偉民，才有今天空小之光的佳話。\n\n～空小同窗群組～", "url": "https://cofacts.g0v.tw/article/1lznfkdehx92m"}