{"createdAt": "2019-01-27T01:23:21.622Z", "hyperlinks": "", "id": "1ipmqyhkwm99e", "reference": "LINE", "tags": [9], "text": "在即将到来的农历新年期间。请不要发送早安祝福等图片。\n请看上海国际新闻来自中国的这个警告。\n专家提醒和建议：请不要发送早安，晚安，或任何有趣的节日问候，如图片和电影等。\n报导指出，黑客已经设计了完美的图片，电影，以隐藏其中的钓鱼代码，当所有人转发并发送这些图片时，他们将窃取您设备上的个人信息。据报导，已经有超过50万的欺诈受害者被骗了。\n如果您想互相问候，请输入您自己的问候词句来保护自己，以及保护您的家人和朋友。\n（非常重要）删除所有以前和以後的贺卡！设计，以避免黑客的网络钓鱼。它们包含嵌入式“GIF”程序，窃取您的个人信息，信用卡号码和PIN码。\n建议互相打招呼，或者使用完全自制的图片，视频。", "url": "https://cofacts.g0v.tw/article/1ipmqyhkwm99e"}