{"createdAt": "2017-08-13T18:02:31.721Z", "hyperlinks": "", "id": "AV3cwvmryCdS-nWhueK0", "reference": "LINE", "tags": [12], "text": "歡迎你加入「台灣色女團」都是真實性自拍影片 \n在這希望遵守版主規定每天都能有看不完的\n影片都是版主和男朋友花時間去買給貢獻給各位\n版主也希望能造福大家每天晚上在家想\"一夜情\"還有真實性影片\"可欣賞\" (heart)\n淫淫淫淫  (scream)(scream)(scream)(scream) 更有機會私約到裡頭美女 (scissors)\n準備好了 請輸入: OK 即可觀看", "url": "https://cofacts.g0v.tw/article/AV3cwvmryCdS-nWhueK0"}