{"createdAt": "2017-05-24T01:49:45.496Z", "hyperlinks": "[object Object]", "id": "AVw4JUSayCdS-nWhuZVc", "reference": "LINE", "tags": [14], "text": "台灣除草劑銷售量再創歷史新高！去年銷售金額26億元，幾乎佔全國農藥銷售量的一半。上下游比對聯合國資料，發現台灣除草劑單位面積用量，全球名列前茅！（內有動態統計，記得點入文內）\n\n2000-2014年我國每公頃平均用量為4.22公斤，約是法、德的3倍，荷、日、韓的1.5倍。就連種植基改作物面積世界第二的巴西，除草劑的單位面積用量都比我國少。\nhttps://www.newsmarket.com.tw/herbcides/ch01/", "url": "https://cofacts.g0v.tw/article/AVw4JUSayCdS-nWhuZVc"}