{"createdAt": "2019-01-27T01:00:58.731Z", "hyperlinks": "", "id": "tbmm61gqpwsk", "reference": "LINE", "tags": [0, 9, 15], "text": "史君是我在臉書的中國網友，我的臉友之中很多人都知道他，他因為公開發表了支持台灣獨立與蔡英文的言論，而遭到微博一位與台灣相關博主的黃安式舉報，按照柯文哲的「喊台獨就不可以在大陸賺錢」的中國式邏輯，史君在中國工作，卻又支持台獨，自然不可原諒，因此被捕入獄，成為極少數中國人為台獨而入獄者。\n \n在獄中自然免不了逼供，他說：\n \n「我在審訊室的時候，警察為了逼我說出更多，讓我看了網絡安全室。\n \n他們把我的微信界面投影放大，聊天框中，我的女友正在焦急的找我。\n \n她的手機號、她在台北的位置和周圍的建築物都看得見。\n \n他們還給我看了一個陌生人的，以確保我相信曾經我在微信上一切的言論他們都已經掌握。\n \n只要你用了這個軟體，你的個人資料都會在中國網絡警察的硬盤中。」\n \n杜紫宸近日對於中國手機監控的無知，固然可以一笑置之，只是一代不如一代的又一例證，但是史君希望藉由他親身的慘痛經歷，傳達給台灣人一個明確的訊息：\n\n購買華為、OPPO、Vivo和小米手機要三思，立即刪去包括微信在內的所有中國通訊軟體。", "url": "https://cofacts.g0v.tw/article/tbmm61gqpwsk"}