{"createdAt": "2019-05-13T14:00:22.512Z", "hyperlinks": "", "id": "1xm7uhxrw75av", "reference": "LINE", "tags": [1, 8], "text": "（暫放一週）\n(megaphone)年輕人，別人結婚怎麽會跟你沒關係呢？\n\n❶人家結婚，關你屁事的年輕人要付錢的。\n\n同婚伴侶她們結婚後，要生孩子，必須用人工生殖，她們說要健保買單。因為說你不孕症的異性夫妻也都健保付。所以你將來的健保必須給付所有同性婚姻的所有人工生殖費用。這些費用都是現在說，人家結婚，關你屁事的年輕人要給付的。\n\n❷健保費用都年輕人在付的。怎麽沒關係？\n\n人家結婚關你什麼事？在2014年立法通過，所有外勞，外籍人士入境臺灣，驗出有“愛滋病”的外勞，不得遣返該國。所以入境的“愛滋病”患者，都可以在台灣使用健保給付。健保費用都是你們年輕人在付的。怎麽沒有關係？\n\n❸外籍患HIV者都有機會進來臺灣醫療\n\n將來同性婚姻立法通過，外籍患有愛滋病者都有機會藉由結婚進來臺灣醫療。泰式按摩的每個泰國人都說結婚進來臺灣的，外籍愛滋患者，為什麼不能說是結婚（同性婚）入境的？愛滋患者的健保醫療費也不多，一個月只要30000而已。年輕人，這真的不多。只比你的月薪27K多一點點而已。\n\n❹年輕朋友，爽的背後一樣是你買單\n\n更何況，政府現在都不愁健保局會破產，因為可以向包租公婆扣二代健保費。看到這裡是不是很爽？但是年輕朋友，爽的背後一樣是你買單，為什麼？\n因為羊毛出在羊身上，包租公婆不是省油的燈，他們早在去年就開始漲價了！誰買單？這下子更慘了！都是離開家鄉打拼的年輕人需要租屋。你沒發現原來要5000一間的雅房已經漲成8000了！套房讓離鄉背井的年輕人更是摸不著了！\n\n❺健保給付生小孩啊！不然同性婚姻做什麼\n\n你說，同性伴侶結婚人家不一定要生小孩啊？是啊，既然這樣專法就可以保障兩人長相廝守了啊，何必再立法同性婚姻呢？他們說就是要你健保給付生小孩啊！不然我要同性婚姻做什麼？\n\n❻就是要讓HIV朋友有機會在臺灣醫療免費啊\n\n我就是要讓86%來自男男性行為的愛滋病男朋友進來臺灣醫療免費啊！不然我要同性婚姻做什麼？\n\n❼真正的弱勢者無力上街頭的\n\n年輕人，我也曾經跟你一樣，年輕時滿腹理想與人道精神，但是不想深入，到頭來，這些同情心會反噬你的未來。臺灣就是被政客，被社運綁架，誰能裝弱勢，誰就能博取年輕人的同情。年輕人只是感情豐富，也沒想太多，以為檯面上會表演的就是弱者，弱勢團體。孩子，你真應該看看，你的阿公，阿嬤老了，中風了，一個月拿得到政府補助30000元嗎？ 你的鄰居有遲緩兒，他們的家拿得到一個月30000元嗎？失業的人可以拿到一個月30000元嗎？B型肝炎患者可以得到健保給付藥物嗎？\n你知道，有父親長期失業，就帶著孩子燒炭自殺的嗎？你知道，有中年人因為照顧老父老母，不堪體力經濟雙重負荷自殺的嗎？你知道因為家有遲緩兒而家庭破碎的嗎？\n這些真正的弱勢者不會上街頭大喊“歧視，人權”，因為他們的生活都在貧窮邊緣線上掙扎，他們沒有辦法上街頭喊歧視，不公平！\n\n❽我們的教育經費預算遠遠落後其他先進國家，在全球化浪潮下，政府有義務為年輕人的教育投注更多資源來幫助年輕人接受實用有競爭力的教育。\n\n年輕人，所有政策都是環環相扣的，別人結婚，\n\n絕對跟你的現在，未來都有關係！", "url": "https://cofacts.g0v.tw/article/1xm7uhxrw75av"}