{"createdAt": "2019-06-13T13:29:36.697Z", "hyperlinks": "", "id": "d93a47e1qbmw", "reference": "LINE", "tags": [0, 8], "text": "轉發：什麼是反逃犯條例                                                                              \n\n第一，逃犯條例本來在香港回歸之前就有，這次只是增修。\n\n因為之前這條條例香港只與20個司法管轄區簽有移交逃犯的引渡條約，卻不包括中國大陸、澳門和台灣，這次是把中國大陸、澳門和台灣加進去。\n\n第二，增修條例草案明確規定只適用於移交必須是37種國際公認刑事犯罪，且刑期都在7年或以上的罪犯。\n\n第三，必須要特區法院和特首雙批准才能實施移交。\n\n第四，增修條例草案明確規定「八不移交」，明確說明移動的罪犯不涉及與言論相關的行為，即不涉及新聞、言論、學術、出版等方面行為。\n\n第五，促成這次增修條例草案的原因之一是香港人陳同佳在台灣殺害女友潘曉穎，卻由於台灣不在逃犯條例範疇內無法引渡回審。\n                                                                                    ＊部分香港人在【反對】的「送中條例」是甚麼？\n\n講白了就是：\n現在香港人，在中國大陸、台灣、澳門犯罪\n只要逃回香港，不但不必遣送 陸、台、澳 受審，\n連在香港都不能審判(因為在當地沒犯罪)\n\n＊有趣的是：\n香港人在馬來西亞、新加坡等英國前殖民地區\n或英國本土犯罪，卻要遣送去當地受審。\n\n＊台灣早就有「送中條例」，全名叫做：\n【「海峽兩岸共同打擊犯罪及司法互助協議」】\n\n2009年簽訂至今已十年。", "url": "https://cofacts.g0v.tw/article/d93a47e1qbmw"}