{"createdAt": "2019-06-14T12:37:30.488Z", "hyperlinks": "[object Object]", "id": "3p9v6uy1y5nny", "reference": "LINE", "tags": [13], "text": "L1【房地產民事訴訟+共有物處分】\n\n日期：6/29(六）全天\n講座：房地產之民事訴訟事件研討\n\n日期：7/6(六）全天\n講座：共有物處分的法律觀點與判決研討\n\n師資：劉子健 法官\n\n地點：高雄市三民區九如二路150號17樓\n\n費用：每人3800元\n2人行：3600元/人\n3人行：3400元/人\n\n報名：http://bit.ly/2WaxKfc\n\n不動產教育平台\nLine id:@168.168", "url": "https://cofacts.g0v.tw/article/3p9v6uy1y5nny"}