{"createdAt": "2019-04-01T16:35:25.652Z", "hyperlinks": "", "id": "g1phb8f957bo", "reference": "LINE", "tags": [11], "text": "前幾天，我在翻閱署內的歷史公文時，意外地在上鎖的檔案櫃深處，發現了一份封面滿是灰塵的機密文件。\n　\n我才知道，原來早在89年海巡署成立時，就開始了一項鮮少人知的機密造艦企劃。為了守護東太平洋，我們海巡署一直在台灣東北角藏著與「八卦山大佛機器人」、「佛光山宇宙戰艦號」同等威力的絕世神兵⋯⋯\n　\n「玄天上帝·龜蛇神將·護國第一巡防艦」。\n　\n因為是國防機密，不能透露太多細節，只能把平面設計圖給大家看看。但我希望，永遠都不會有將它喚醒的那一天...", "url": "https://cofacts.g0v.tw/article/g1phb8f957bo"}