{"createdAt": "2019-06-29T03:31:48.167Z", "hyperlinks": "", "id": "2gvmn54q7qw2f", "reference": "LINE", "tags": [11], "text": "据英国《每日邮报》报道，近日一群猎人上山打猎时，只听到所携带的猎犬一阵狂吼，走近一看才发现在棕熊窝里躺着一具疑似人尸，皮肤已经多处腐化龟裂，肤色苍白，而且脸上满是干掉的泥土和血块，看上去如同木乃伊一样，怎么看都像是已经死亡的状态。没想到，这具“丧尸”竟然还活着，猎人们赶紧把亚力山大合力救出。\n\n亚力山大能勉强睁开眼睛、活动手臂，还记得自己的名字。他提到，自己大概在一个月前受到棕熊攻击，但记不清具体日子了，事发时他的背部被打断了，因此没有办法逃生，只能靠喝自己的尿液维持生命。\n\n据他称，棕熊是把他扣留在原地，作为储备食物，随时都有可能把他吃掉，期间他感到非常害怕。\n\n据医生说，亚力山大在这样的条件下，能幸存下来堪称奇迹，他们也无法对此作出合理解释。", "url": "https://cofacts.g0v.tw/article/2gvmn54q7qw2f"}