{"createdAt": "2019-06-14T09:33:57.137Z", "hyperlinks": "", "id": "3s40mk6jcqlhd", "reference": "LINE", "tags": [11], "text": "你的運勢會跟著房子的風水而大起大落，你知道嗎？\n有五種房子會讓你越住越窮，記住，以下五種房子千萬不能住！\n \n一、長期住在地下室有不少初來城市的打工者，由於經濟原因都會藉住在地下室內，然而，假如長期住在地下室，時間超過一個屬相的變更，如從龍年住到蛇年。那麼，越過越窮的房子風水就會對你產生作用。你除了經濟上開始入不敷出之外，很可能戀愛情感也飽受影響。\n \n建議：長期住在地下室的朋友趕緊搬出來吧，早日見到陽光，好運會回到你身邊！\n\n二、白虎壓過青龍的房子一些房子的右邊是很高的樓，或者是很高的高壓塔、煙囪甚至是過街天橋，而左邊樓房則相應比較低矮。那麼，住在這樣的房子裡，你就會真正感受到風水的威力了。或許你會健康不佳，或許你會財運不開，或許你事業開始不順甚至官司纏身。總而言之，很大原因與風水有關。\n \n建議：假如已經住在了這樣的房子裡，建議應當立即進行化解。\n \n\n三、衛生間與廚房門對門不知為何，開發商經常將房子建成衛生間與廚房門對門的格式。這種讓「上水」直接通「下水」的格局，應驗了那句「酒肉穿腸過」的「名言」，財富留不住，明顯是越過越窮的風水。\n \n建議：這樣房子的主人趕緊改廚房或者衛生間的門。假如無奈不能改，那麼至少在廚房門上掛中國結，在衛生間門上掛門簾。\n \n\n四、大門對窗假如是自家大門一開，就能望見窗戶，那漏財格式已經誕生。許多所謂的南北通透的高層板樓都是這種格局。\n \n建議：最好的方法是在大門內做玄關，把這種越過越窮的屋宅風水改了。\n \n \n五、大門直對別家門很多住宅的大門都是兩兩想對，即這家大門與另一家大門相對。如此，越過越窮的屋宅風水很可能就產生了。假如，對門那家的氣場、屬相、五行等恰好與你家的氣場、屬相、五行相剋，那麼倒楣的肯定是你啦。\n \n建議：假如房子有這種格局的朋友，需要在自家門框上掛中國結，同時在門內做玄關或掛門簾為宜。俗話說「風水輪流轉」，你的事業、財運都會跟著你住宅的情況而轉變。\n \n\n以上所說的五種房子會讓你越住越窮，如果真有這樣狀況的朋友就趕緊逆轉這種窘況吧！\n請分享出去讓更多人看看，這五種房子盡量能不要住就不要住，如果住到了一定要照上面的方法改善！！", "url": "https://cofacts.g0v.tw/article/3s40mk6jcqlhd"}