{"createdAt": "2019-07-26T13:14:50.807Z", "hyperlinks": "", "id": "rekguy9ur4et", "reference": "LINE", "tags": [8], "text": "主旨： 台灣啤酒100歲了! 7/27-28快到北啤舉杯同慶 \n \n內容：\n\n台啤100趴‧相揪來逛台灣第一座百年啤酒廠，同慶100歲生日快樂\n活動時間：108年7月27日、7月28日 (星期六、星期日)15:00~20:00\n活動地點：台北啤酒工場(台北市八德路二段85號)，近捷運忠孝新生站\n特色1：百元購買乙只玻璃紀念小酒杯，台啤全系列酒款10杯任你喝，還有非酒精飲料，飲用無負擔。\n特色2：作伙祝賀一百歲，邀你整點舉杯品嚐百年前的啤酒，獨家重現1919年高砂啤酒。\n特色3：酒菜市集滿額好禮送--獨家經典水波紋後背包、台啤小贈品，來買來喝來玩遊戲，就有機會統統帶回家。\n特色4：一麥相傳，代代超凡 --> 從百年前的復刻版高砂啤酒，歷經六十週年復刻版古早台啤，直至最新潮流的精釀啤酒，讓啤酒老饕一次滿足。\n特色5：超FUN酒菜市集 -> 最台味的下酒菜、最消暑的台啤冰沙、台酒枝仔冰，以及音樂表演、童趣遊戲等，適合閤家大小，有吃有喝又有玩！\n備註：活動當日歡迎自由入內參觀、購買百元品評門票入場者限滿18歲以上。", "url": "https://cofacts.g0v.tw/article/rekguy9ur4et"}