{"createdAt": "2019-01-11T03:04:35.163Z", "hyperlinks": "[object Object]", "id": "2cblqryrt16mt", "reference": "LINE", "tags": [9, 15], "text": "《 “警總復僻” 反民主！？》\n\n曾遭臺灣輿論撻伐的「數位通訊傳播法」表面上似乎停擺，實際上卻早已滲透到Line的群組裡蒐集資料，也開始另製造出「假消息」來供大眾求證之用了。\n\n「真的假的Line bot」、「Cofacts」、「MyGoPan」、蘭姆酒吐司以及「美玉姨」機器人系統等，就是整套的［網路警總大補帖］！\n\n實際上已經悄悄進入各大群組裡，這類箝制言論自由的「威權系統」研發幕後黑手，直指美國的中央情報局（CIA），可見得臺灣整體的言論風向，始終就是由美國在實施監控與主導著，這算是什麼 “ 盟友 ” 呢？\n\nhttp://www.viewpointtaiwan.com/columnist/%E5%BC%95%E3%80%8C%E9%9D%92%E5%85%B5%E3%80%8D%E5%85%A5%E9%97%9C-%E7%BE%8E%E7%8E%89%E5%A7%A8%E4%B9%83%E7%B6%B2%E8%B7%AF%E5%90%B3%E4%B8%89%E6%A1%82/\n\n這種「反民主」的箝制思想以及迫害言論自由作為，將再度引發臺灣民眾對政府的更不信任！\n從而也對美國不斷在臺灣的「民主」發展上實施惡性干擾，埋下了更多的厭惡因子。\n\n畢竟，美國是個跟我們無邦交關係，卻又處處在對黨政高層下「指導棋」指令，表面卻還裝做很關心臺灣、每年都訛詐數千億臺灣人民納稅錢的「偽善」國家！", "url": "https://cofacts.g0v.tw/article/2cblqryrt16mt"}