{"createdAt": "2019-08-26T05:38:35.745Z", "hyperlinks": "", "id": "28iq94p2sgo99", "reference": "LINE", "tags": [3], "text": "近年來很多女人\n得到甲狀腺腫瘤\n很可能是這個因素\n\n牙醫照X光片通常只護胸部以下\n照牙齒或乳房X光片，記得要索取(甲狀腺護罩)，保護自己,你不要求他們不會主動拿出來\n\n護住你的脖子吧！\n\n近年來很多女人得到甲狀腺腫瘤\n很可能就是這因素", "url": "https://cofacts.g0v.tw/article/28iq94p2sgo99"}