{"createdAt": "2019-08-27T10:14:08.249Z", "hyperlinks": "[object Object]", "id": "1sx5nfwo5f8kg", "reference": "LINE", "tags": [12], "text": "在阿拉伯有個在能源產業工作的男子，因為孩子是航空迷，所以想說生日要送模型飛機A350-1000給孩子。\n\n於是他就打電話去空巴，不過因為他英文不好，所以開始一連串的誤會。空巴的人員首先問他內裝想要怎樣，他想說，可能是空巴他們的模型會很仔細😹😹😹\n\n然後因為他對歐元匯率沒概念，於是也是拿了他的 台灣美國運通 American Express 簽帳卡 刷卡🙀🙀🙀\n\n幾個月後，要交機了，空巴的人打電話問他，請問誰要來開飛機呀？他才發現，好像真的不小心買了1:1的飛機「模型」\n\nWell, 報導提到，他決定要送他的cousin 一架airplane, 大家都很happy (怎麼變晶晶體了😹）\n\nhttps://tumfweko.com/2019/08/26/saudi-man-accidentally-buys-2-planes-for-sons-birthday/", "url": "https://cofacts.g0v.tw/article/1sx5nfwo5f8kg"}