{"createdAt": "2019-10-24T07:25:56.544Z", "hyperlinks": "[object Object]", "id": "hmq2fs38mrzc", "reference": "LINE", "tags": [2], "text": "最近 LINE 流傳一張謠言圖片，描述「這是什麼小學課本內容，是誰讓台灣墮落、沈淪」或是「這種教材已在教壞我們的下一代」這樣的訊息內容，國小課本的課文標題是「第六課 不准拒絕我」，最下面還標示#我是異性戀我支持婚姻平權。\n\n謠言破解\nhttps://www.mygopen.com/2019/10/primary-school-book.html\n\n事實上這是惡意改圖的謠言圖片，並加入謠言訊息流傳，主要修改合成台灣早期國小課本「玩皮球」的內容，實際上並不是這樣的文章。", "url": "https://cofacts.g0v.tw/article/hmq2fs38mrzc"}