{"createdAt": "2017-03-29T15:14:37.124Z", "hyperlinks": "[object Object],[object Object],[object Object],[object Object],[object Object],[object Object],[object Object],[object Object],[object Object],[object Object],[object Object],[object Object],[object Object],[object Object],[object Object],[object Object],[object Object],[object Object],[object Object],[object Object],[object Object],[object Object],[object Object],[object Object],[object Object],[object Object],[object Object],[object Object],[object Object],[object Object],[object Object],[object Object],[object Object],[object Object],[object Object],[object Object],[object Object],[object Object],[object Object],[object Object],[object Object],[object Object],[object Object],[object Object],[object Object],[object Object]", "id": "AVsaogPGtKp96s659DcD", "reference": "LINE", "tags": [10, 13], "text": "#兒童節優惠~2017全台遊樂園/博物館/觀光工廠連假優惠\n\n#宜蘭蘭陽博物館\n優惠期間：4/4(二)當日\n優惠內容：12歲以下免費入館\nhttp://kidstoy.ntpc.edu.tw/news/u_news_v2.asp?id={95CC834C-A270-43A1-B4CF-19610B5106BF}&newsid=159\n\n#基隆國立海洋科技博物館\n優惠期間：4/1(六)~4/4(二)\n優惠內容：12歲以下兒童進館免費,聽水故事特展免費\nhttp://www.cyaquamarine.com/webc/html/news/02.php?num=194\n\n#新北野柳海洋世界\n優惠期間：4/1(六)~4/5(三)\n優惠內容：買一送一(買全票送學童票)\nhttp://www.oceanworld.com.tw/news-list.php?action=detail&no=135\n\n#新北大板根森林溫泉渡假村\n優惠期間：4/1(六)~4/4(二)\n優惠內容：12歲以下或140CM以下兒童入園免費\nhttps://www.dabangan.com.tw/activities/detail.php?nid=327\n\n#台北市兒童新樂園\n優惠期間：4/4(二)當日\n優惠內容：不限資格入園免費，13項遊樂設施也免錢\nhttp://www.tcap.taipei/ct.asp?xItem=279040354&ctNode=73299&mp=122037\n\n#台北市立動物園\n優惠期間：4/4(二)當日\n優惠內容：12歲以下兒童與一名陪同家長,免費入園\nhttp://kidstoy.ntpc.edu.tw/news/u_news_v2.asp?id={95CC834C-A270-43A1-B4CF-19610B5106BF}&newsid=159\n\n#台北自來水園區\n優惠期間：4/1(六)~4/4(二)\n優惠內容：國小以下兒童與一名陪同家長,同享免費入園\nhttp://waterpark.water.taipei/ct.asp?xItem=278030969&ctNode=77386&mp=114021\n\n#台北貓空纜車\n優惠期間：4/4(二)當日\n優惠內容：12歲以下兒童不限次數免費搭乘\nhttp://www.gondola.taipei/ct.asp?xItem=278295329&ctNode=65096&mp=122033\n\n#桃園小人國\n優惠期間：4/1(六)~4/4(二)\n優惠內容：未滿12歲只要399元\nhttp://www.woc.com.tw/tw/html/news/show.aspx?num=480\n\n#桃園大溪花海農場\n優惠期間：4/1(六)~4/4(二)\n優惠內容：12歲以下兒童免費入園,並贈遊戲體驗券1張\nhttp://www.tasheeblmn.com.tw/edcontent_d.php?lang=tw&tb=2&id=236\n\n#新竹六福村\n優惠期間：4/1(六)~4/4(二)\n優惠內容：全民兒童價499元,12歲以下現場購票加贈動物微型積木\nhttp://www1.leofoo.com.tw/village/News_view.aspx?id=2851\n\n#新竹小叮噹科學主題樂園\n優惠期間：4/1(六)~4/4(二)\n優惠內容：4月壽星及未滿3歲兒童免費入園/全民享兒童價320元\nhttp://www.ding-dong.com.tw/htmlc/news/index.aspx?page=1&kind=A\n\n#苗栗火炎山溫泉度假村\n優惠期間：4/1(六)~4/4(二)\n優惠內容：親子免費入園(未帶兒童者250元)\nhttp://www.hyspkn.com.tw/page/news/show.aspx?num=44\n\n#苗栗西湖渡假村\n優惠期間：4/1(六)~4/4(二)\n優惠內容：國小以下購票入園送生態拼圖\nhttps://www.facebook.com/westlake.com.tw/photos/a.10150686998155479.443226.186643465478/10154932060815479/?type=3&comment_id=10154942816545479&reply_comment_id=10154949487570479&comment_tracking=%7B%22tn%22%3A%22R1%22%7D\n\n#台中麗寶樂園\n優惠期間：4/1(六)~4/4(二)\n優惠內容：全民兒童價490元(加贈園遊抵用券1張)/2人星光票299元\nhttp://www.lihpaoland.com.tw/event-detail.php?id=658\n\n#台中科博館\n優惠期間：4/4(二)當日\n優惠內容：12歲以下免門票\nhttp://cal.nmns.edu.tw/NMNS_Cal/Detail_Ann.aspx?ANID=12166\n\n#台中九二一地震教育園區\n優惠期間：4/4(二)當日\n優惠內容：12歲以下免門票\nhttp://cal.nmns.edu.tw/NMNS_Cal/Detail_Ann.aspx?ANID=12166\n\n#台中心之芳庭\n優惠期間：4/1(六)~4/4(二)\n優惠內容：65歲以上及8歲以下免費入園\nhttp://www.moncoeur.com.tw/news2_view.php?news_id=226\n\n#台中東勢林場遊樂區\n優惠期間：4/1(六)~4/4(二)\n優惠內容：國小六年級以下(12歲以下)兒童入園門票優惠160元\nhttps://www.facebook.com/tsfa.firefly/posts/1475758752468674\n\n#南投車籠埔斷層保存園區\n優惠期間：4/4(二)當日\n優惠內容：12歲以下免門票\nhttp://cal.nmns.edu.tw/NMNS_Cal/Detail_Ann.aspx?ANID=12166\n\n#南投鳳凰谷鳥園\n優惠期間：4/4(二)當日\n優惠內容：12歲以下免門票\nhttp://cal.nmns.edu.tw/NMNS_Cal/Detail_Ann.aspx?ANID=12166\n\n#彰化就是愛荔枝樂園\n優惠期間：4/1(六)~4/4(二)\n優惠內容：12歲以下兒童免費入園\nhttp://www.alicegarden.com.tw/page/news/show.aspx?num=99\n\n#彰化溪湖鐵道文化園區\n優惠期間：4/4(二)當日\n優惠內容：免費招待全國國小以下兒童搭乘「戀戀五分車」\nhttp://www.taisugar.com.tw/chinese/News_detail.aspx?p=1&n=10017&s=6495\n\n#雲林劍湖山世界\n優惠期間：4/1(六)~4/4(二)\n優惠內容：身份證號碼有3、2、1即享優惠(同一個號碼重複不列入計算)\n對中1碼 399元/對中2碼 299元/對中3碼享超級優惠價30元\nhttps://www.facebook.com/janfusun0/photos/a.420785171424.206608.349775646424/10154986524201425/?type=3&theater\n\n#嘉義蒜頭蔗埕糖廠文化園區\n優惠期間：4/1(六)~4/4(二)\n優惠內容：招待6歲以下兒童免費搭乘五分車/國小以下兒童優惠50元搭乘\nhttp://www.taisugar.com.tw/chinese/News_detail.aspx?p=1&n=10017&s=6495\n\n#台南頑皮世界\n優惠期間：4/1(六)~4/4(二)\n優惠內容：購買幼童票或學童票(3~12歲)可獲得抽獎券\nhttps://www.facebook.com/WanpiWorldSafariZoo/photos/a.243709129009916.57383.243689205678575/1265611353486350/?type=3&theater\n\n#台南江南渡假村\n優惠期間：4/1(六)~4/4(二)\n優惠內容：12歲以下兒童免費入園(每位兒童須搭配一名買票成人)\nhttp://www.chiensan.com.tw/page.asp?id={4D40DC35-1650-4A63-90E5-24D08AC60AFB}\n\n#台南走馬瀨農場\n優惠期間：4/1(六)~4/4(二)\n優惠內容：12歲以下兒童免費入場\nhttps://www.facebook.com/tsoumalai/photos/a.389187394441251.109973.376981315661859/1667401699953141/?type=3&theater\n\n#台南國立台灣歷史博物館\n優惠期間：4/4(二)當日\n優惠內容：12歲以下兒童免票優惠\nhttp://www.nmth.gov.tw/information_239_60406.html\n\n#台南南瀛天文館\n優惠期間：4/1(六)~4/4(二)\n優惠內容：親子同行者12歲以下兒童享有天文展示館、星象劇場免費參觀及積木特展團購券票價優惠\nhttp://www.taea.tn.edu.tw/News.aspx?9def25ae-ba34-47b6-9311-8173fcb256b4\n\n#台南十鼓仁糖文創園區\n優惠期間：4/3(一)當日\n優惠內容：兒童200元優待票，5歲以下及110公分以下免費\nhttp://www.tendrum-cultrue.com.tw/news_detail.php?nID=502\n\n#台南虎頭埤風景區\n優惠期間：4/1(六)~4/4(二)\n優惠內容：國小以下學童免費入園，拍照打卡送茶葉蛋一顆\nhttp://www.twtainan.net/zh-tw/Event/NewsDetail/2899/兒童節遊樂趣-台南連假三套玩法\n\n#台南雙春濱海遊憩區\n優惠期間：4/4(二)當日\n優惠內容：12歲以下學童免費入園\nhttp://www.twtainan.net/zh-tw/Event/NewsDetail/2899/兒童節遊樂趣-台南連假三套玩法\n\n#台南鴨莊休閒農場\n優惠期間：4/4(二)當日\n優惠內容：12歲以下兒童免費入園\nhttps://www.facebook.com/DuckFarm/posts/1356646667691147\n\n#台南烏樹林糖廠文化園區\n優惠期間：4/4(二)當日\n優惠內容：免費招待全國國小以下兒童搭乘「戀戀五分車」\nhhttp://www.taisugar.com.tw/chinese/News_detail.aspx?p=1&n=10017&s=6495\n\n#台南新營糖廠鐵道文化園區\n優惠期間：4/1(六)~4/4(二)\n優惠內容：免費招待全國國小以下兒童搭乘「戀戀五分車」\nhttp://www.taisugar.com.tw/chinese/News_detail.aspx?p=1&n=10017&s=6495\n\n#高雄義大世界\n優惠期間：4/1(六)~4/4(二)\n優惠內容：12歲以下兒童只要1元(須搭配一名成人於現場售票亭購買原價全票)\nhttp://www.edathemepark.com.tw/Website/newsPage.aspx?news_id=591\n\n#高雄國立科學工藝博物館\n優惠期間：4/1(六)~4/4(二)\n優惠內容：學齡前(6歲以下)兒童免費/未滿12歲兒童享50元優惠門票\nhttp://tobewithyou.tw520.info/tobe03.html\n\n#高雄壽山動物園\n優惠期間：4/1(六)~4/4(二)\n優惠內容：12歲以下兒童免費入園\nhttps://www.facebook.com/ShouShanZoo/posts/1309710809065854\n\n#高雄台糖花卉農園中心\n優惠期間：4/4(二)當日\n優惠內容：免費招待12歲以下兒童搭乘「戀戀五分車」\nhttp://www.taisugar.com.tw/chinese/News_detail.aspx?p=1&n=10017&s=6495\n\n#高雄台灣糖業博物館\n優惠期間：4/4(二)當日\n優惠內容：免費招待12歲以下兒童搭乘「戀戀五分車」\nhttp://www.taisugar.com.tw/chinese/News_detail.aspx?p=1&n=10017&s=6495\n\n#屏東國立海洋生物博物館\n優惠期間：4/1(六)~4/4(二)\n優惠內容：滿6歲以上至12歲以下兒童，只要購票入海生館，當日門票可直接升級為海洋卡兒童卡\n海洋卡卡友可享本人一年內無限次數入館參觀，及參與館內體驗活動9折優惠。\nhttp://www.nmmba.gov.tw/News_Content.aspx?n=8929A8F90C63BDDF&sms=AEA52654EE0F64A5&s=37EEC3793C98FA90\n\n#台東國立臺灣史前文化博物館\n優惠期間：4/1(六)~4/4(二)\n優惠內容：12歲以下兒童免費參觀\nhttps://www.facebook.com/NMPrehistory/photos/a.216798135006054.61540.207168065969061/1492598367426018/?type=3&theater\n\n#花蓮遠雄海洋公園\n優惠期間：4/1(六)~4/4(二)\n優惠內容：12歲以下250元/花蓮鄉親250元\nhttp://www.farglory-oceanpark.com.tw/index.php?site=1&page_id=30&ids=867\nhttp://www.farglory-oceanpark.com.tw/index.php?site=1&page_id=30&ids=866\n\n#花蓮兆豐農場\n優惠期間：4/1(六)~4/4(二)\n優惠內容：12歲以下兒童免費入園\nhttp://www.skcf.com.tw/form10.php?pid=5&menuid=3&id=134", "url": "https://cofacts.g0v.tw/article/AVsaogPGtKp96s659DcD"}