{"createdAt": "2019-11-08T16:06:35.452Z", "hyperlinks": "[object Object]", "id": "3s4woct8ja3wf", "reference": "LINE", "tags": [15], "text": "為什麼蔡英文當選為中共代理人？因為 \n(1)她沒特赦阿扁; \n(2)沒收公投; \n(3) 剷除深綠勢力; \n(4) 掌控媒體，沒收民主自由; \n(5)實施獨裁制度; \n(6) 制造亡國感; \n(7) 推動一國一制 以便無縫接軌，促成統一大業。https://youtu.be/cbY1MNk67rI", "url": "https://cofacts.g0v.tw/article/3s4woct8ja3wf"}