{"createdAt": "2017-03-05T12:13:10.582Z", "hyperlinks": "", "id": "AVqeY0Y4yrDaTqlmmqC7", "reference": "LINE", "tags": [11], "text": "大家請留意~~~又換一種新詐騙方式了！ \n他們會先在超市門口，挑選18歲以上的人~~~送一瓶牛奶或者一包餅乾，一瓶飲料。\n再請你~掃描行動條碼。\n憑身份證+手機號碼，再錄個點頭的影片，\n就可以領一壺油或者一個充電寶`領一箱牛奶或者其他贈品。\n然後他們會用你的身份證號+手機相片來開個借貸帳號進行貸款。\n請快告知身邊家人朋友，注意防範。\n莫貪便宜上當受騙，切記切記！", "url": "https://cofacts.g0v.tw/article/AVqeY0Y4yrDaTqlmmqC7"}