{"createdAt": "2019-11-19T01:49:27.167Z", "hyperlinks": "", "id": "sl98538u30f5", "reference": "LINE", "tags": [3], "text": "📢為什麼要排腸毒？ \n\n萬病之源來於腸毒，人體的毒素99％由腸道80%由腸道儲存。75%由腸道排出。5%由汗液排出。10%由腎臟排出。肺和大腸相表裡，肺主納氣和皮毛。腸道主代謝。氣不足毛孔粗大，面部色斑，代謝下降，身體肥胖。因為肝臟每3分鐘通過門靜脈向腸道吸收1次水分，1小時20次，1天24小時，肝會找腸道要480次水，若腸道糞便沒有排出，大量的毒素會被大腸重複吸收，通過門靜脈輸送到肝膽腎臟，最終產生“中毒”。毒素的表現形式？毒素在臉上：叫痘，叫斑，叫過敏；在嘴裡：叫口臭，叫潰瘍；在腸道：叫便秘，叫腸炎，叫痔瘡；在肝臟：叫脂肪肝，結石，肝炎，肝癌；在生殖系統：叫肌瘤，叫囊腫，叫內分泌不調....要想顏如玉，必須腸無屎，欲得長生，腸中腸清，欲得不死，腸中無渣。毒素堆積導致亞健康， 長時間亞健康的結果就是生病；不排毒，再昂貴的補品也是廢品。 要健康，先排毒！ 要美麗，先排毒！ 要長壽，先排毒！ 完整的健康必須從調養開始！ 養生才能固本，養生固本健康人生從排毒開始！從每天一包蘋果幹細胞開始！", "url": "https://cofacts.g0v.tw/article/sl98538u30f5"}