{"createdAt": "2017-12-14T04:30:37.577Z", "hyperlinks": "", "id": "AWBTSdwKyCdS-nWhuk9B", "reference": "LINE", "tags": [11], "text": "使用手機，不可不慎！這是個真實事件！一位21歲的男子參加Amrawati 的研習旅遊，回程時與朋友們在火車站的月台上等車。他們那時用手機拍了一些團體照。這個男子也想替團體拍照，由於他站的位置無法拍攝全景，於是他不經心地靠近了有 40000 伏特電纜的地方。   在他按下快門的當下，40000 伏特電壓瞬間透過閃光燈透過他的指尖、進入他的身體。一切發生得很快。他全身有50% 燒燙傷，沒多久就去世了。當我們使用手機時，這狀況可能發生在我們身上，請大家千萬要多加警惕。以下幾點請大家特別留意：不可在加油站的加油槍附近使用手機；不可在開車時使用手機；不可在手機充電時接聽電話，如必需接聽，請一定要移除充電器；不可在床上或木製家具上充電；不可在火車站或是其他有大量電流聚集的地方使用手機或以手機照相；不可在雷雨中使用手機，如必須使用，則一定要遠離門窗。閱讀完畢，請將上述訊息傳給你關心的人，和那些關心你的人。\n生命可貴，切記，切記。", "url": "https://cofacts.g0v.tw/article/AWBTSdwKyCdS-nWhuk9B"}