{"createdAt": "2019-12-08T15:17:32.345Z", "hyperlinks": "", "id": "3rguitdt9d9tn", "reference": "LINE", "tags": [6], "text": "她的能源政策是個很大的錯誤。如果綠能真能全面啟動，台灣電價至少要張ㄧ倍，人民負擔的起嗎？目前火力發電佔85%，全台用肺發電，人民死於肺癌的比日本核能事故的多太多了。沒有穩定的電源，會有外商來投資嗎？日本經過核能事故停了核能2年，現在又重起9座核能發電廠。瑞士這麼重視環保的國家也有5座核能發電廠。台灣有什麼條件停掉核能發電廠？要停也是停舊的，而不是停新的核四。而且，核四公投不是他們一向希望的嗎？居然不需要公投直接沒收。真的太超過了。打著民主反民主！", "url": "https://cofacts.g0v.tw/article/3rguitdt9d9tn"}