{"createdAt": "2019-12-16T00:06:16.571Z", "hyperlinks": "", "id": "2cc4d6btnguye", "reference": "LINE", "tags": [15], "text": "哈哈哈！！！\n我笑死了啦！！！\n韓國瑜是草包？？？\n一個草包需要民進黨傾全黨之力來打？？？\n一個草包需要全國95％的媒體來抹黑？？？\n一個草包能在短短六個月翻轉民進黨執政二三十年之久的高雄？？？\n一個草包能在每次造勢完全不動員的就聚集幾十萬人以上來相挺？？？\n一個草包能讓全台的媒體聚焦在他身上長達一年多？？？\n一個草包能讓許許多多的民進黨支持者轉向挺他？？？\n一個草包能讓許多社會精英自動圍繞在他身邊？？？\n一個草包能在黨內初選把台灣首富打的灰土頭臉？？？\n一個草包在能在台灣首富、政治喬王、傻笑市長聯手圍堵中屹立不搖？？？\n一個草包能在宋楚瑜的夾殺下依然堅挺不倒？？？\n一個草包能讓青天白日國旗全台到處飄揚？？？\n污衊韓國瑜的人是因為韓國瑜實在沒有真正的污點只好用抹黑抹紅的手法來誣衊他！！！\n如果這樣的人是個大草包～～～那我真的愛死這個大草包了！\n一個光頭庶民的感言！！！\n", "url": "https://cofacts.g0v.tw/article/2cc4d6btnguye"}