{"createdAt": "2019-12-21T03:11:31.291Z", "hyperlinks": "", "id": "1tlox8wepqzv7", "reference": "LINE", "tags": [1, 2, 15], "text": "我的勞保，原本59歲即可領退休金，但蔡英文執政，就改成62歲才可領，勞保費變每年漲。誰敢保證她連任，不會砍勞保年金？有什麼事是她不敢做的嗎？她心中真愛“人民”嗎？還是只有愛“己利”\n她現在沒砍，因為勞工佔大多數，砍了就沒選票了\n\n現在要選舉就亂撒我們的納稅錢，剛執政年改時就說國家沒錢，動機不是太明顯了嗎？\n3年斷7邦交國，\n8800億前瞻計劃花到何處，是民意嗎？\n網軍黑對手（缺德）\n\n搞公投玩弄人民，浪費我們的錢和時間，排隊排那麼久，台北市還 邊開票 邊投票， 這是在台灣 光復108年來 不曾發生過的亂象 ，投票結果出來，她根本不管765萬票公投的民意，而恣意通過同婚。\n愛滋病患增加，校園課本被同志汙染，小男生、小女生搞不清楚自己是男是女？\n\n養肥貓（為自己人設了一堆職務，領我們的納稅錢）\n\n操弄族群意識搞分劣，只讓人民互相仇恨，而非彼此相愛。\n\n她一上台廢特偵組，根本就是要做壞事前先把警察廢了，好胡做非為，這樣大家看不出她的 司馬昭之心嗎？官邸就修了一億\n\n做錯事只 會硬拗， 死不認錯 ，把錯永遠歸給前朝或中國\n\n還有太多政策，搞得民不聊生，怨聲載道……誰可以告訴我，她執政4年，政績是什麼？讓她連任的理由何在？\n\n謙卑！謙卑！再謙卑！ 實在沒看見\n\n真的要請~下個月打算票投蔡英文的人，多為台灣百姓、自己和下一代想想，不要再投她了。\n\n拜託！拜託！", "url": "https://cofacts.g0v.tw/article/1tlox8wepqzv7"}