{"createdAt": "2018-03-19T21:49:34.220Z", "hyperlinks": "", "id": "1ordoa4sv4t4f", "reference": "LINE", "tags": [11], "text": "葡萄牙人驚呼Ilha Formosa\n葡萄牙在1996年發行的一枚硬幣200Escudos (200盾銅板)，其中特別以1582年葡萄牙人發現台灣作為主題 ,並特別將 Formosa及漢字「台灣」呈現。這是一個值得分享給大家的事。葡萄牙在加入歐元區以前， 是以Escudos(盾)為通用貨幣。這一個 200 盾的銅幣 ,  把葡萄牙人在大航海時代的歷史榮光， 完全呈現。製幣者觀察入微除在外幣上被秀出 ”台灣” 外，還有梅花。而且也順便紀錄了1582年Formosa  (台灣) 進入歐洲的歷史紀錄。美麗之島的美名從此開始已運行了436年,多麼詩境羅曼蒂克的發現,但願台灣永遠的生生不息。", "url": "https://cofacts.g0v.tw/article/1ordoa4sv4t4f"}