{"createdAt": "2019-11-07T22:49:29.609Z", "hyperlinks": "", "id": "1h7cljkvkq9d6", "reference": "LINE", "tags": [15], "text": "中國國民黨桃園市黨部新聞稿108.11.02\n原住民自發性準備餐點 卻被誣指發便當 市黨部嚴厲譴責造謠抹黑\n\n針對有媒體報導指出「韓國瑜造勢發有菜有肉便當」，國民黨桃園市黨部今天（2日）發出嚴正聲明，駁斥這項無中生有、造謠抹黑的言論。所謂的「便當」實為復興區原住民自發性集資準備的米粉餐點，成本不到20元，市黨部對於未經查證就惡意中傷作法，感到遺憾，同時對於報導的媒體，將保留法律追訴權。\n\n桃園市黨部表示，10月31日在復興區角板山公園天幕廣場，舉辦原住民挺韓國瑜後援會成立大會，因為當天活動到上午11時30分，時近中午，考量復興區幅原遼闊，許多原住民朋友從後山巴陵、拉拉山等地區遠道而來，由原住民媽媽們集資購買米粉、豆干等食材，自行烹煮後，以小紙盒盛裝，準備給大家吃，成本根本不到20元，而且與桃園市黨部及韓國瑜競選總部完全無關，媒體及網路謠傳一個要80-100元，皆為惡意扭曲抹黑之不實言論。\n\n另外，還有一些有心人士、網路及媒體也誣衊在11月1日韓國瑜中壢區的原住民活動發便當，甚至暗指為國民黨提名的某立委候選人場合，完全是張冠李戴而且與事實不符。\n \n桃園市黨部聲明，對於媒體及網路造謠抹黑、刻意帶風向、惡意中傷之行為，除了提出嚴厲之譴責外，國民黨桃園市黨部也將針對所有不實言論保留法律追訴權。", "url": "https://cofacts.g0v.tw/article/1h7cljkvkq9d6"}