{"createdAt": "2019-05-14T05:22:10.316Z", "hyperlinks": "", "id": "3d6umk8oi9e5m", "reference": "LINE", "tags": [3], "text": "最傷「子宮」的行為十大排行榜~驚！！！愛妻子的男人都後悔太晚看到！！\n \n\n子宮是孕育胎兒的地方，是女性最重要的身體器官之一，所以女人要好好呵護子宮。現在就來看哪些行為會對子宮造成傷害，遠離這些壞行為，保護子宮。\n\n\n第十位：紊亂和不潔的性生活\n　　不潔的性生活可引起：1、陰道炎2、宮頸炎3、宮頸糜爛4、輸卵管炎症。別小看這些感染，它們可是外陰癌、陰道癌、宮頸癌及輸卵管癌的重要發病因素。\n　　另外，性生活過早及混亂，經常經期、產期性交等均是宮頸癌發病的重要因素。所以，清潔、節制的性愛是關愛子宮的首要任務。性愛前雙方用流動水清洗生殖器是防止婦科疾病最基本的一步。\n總之，現代醫學證明，不潔性生活已經成為了誘發婦科腫瘤的「元兇」。\n\n \n\n\n\n第九位：妊娠初期和臨產前放縱性生活\n\n　　妊娠頭三個月要禁房事。此時胚胎附著於子宮尚不十分牢固，是流產的好發時期。此時性高潮時強烈子宮收縮，有使妊娠中斷的危險。特別對有流產史、妊娠曾出現少量陰道流血的先兆流產婦女，或年齡較大、求子心切者等等，應禁止性交。\n妊娠後三個月也要禁房事。性交易刺激子宮收縮而導致流產、早產、子宮出血或產褥熱。尤其是妊娠末4周，性交可能引起胎膜炎，招致胎膜早破、早產及產後感染等危險，應嚴禁性生活。\n　　臨產前1個月或者3星期時胎兒已經成熟，子宮已經下降，子宮口逐漸張開。如果這時性交，羊水感染的可能性更大。還容易造成早產，胎兒在子宮內也可以受到母親感染疾病的影響，使身心發育受到障礙。\n\n\n第八位：子宮下垂\n\n\n　　產後經常下蹲或干重活，增加腹壓，導致子宮沿著陰道向下移位，子宮可以從正常位置沿陰道下降子宮頸外口達坐骨棘水平以下，甚至子宮全部脫出於陰道口外，醫學上稱為子宮脫垂，簡稱「宮脫」。\n\n第七位：畸胎和多胎容易難產\n\n\n　　畸胎和多胎容易發生難產，從而危及子宮安全。\n　　哪些孕婦更容易出現畸胎?\n‧年齡在38歲以上的孕婦：因卵子老化，甚至異常者較多，產生胎兒先天性畸形或先天愚型的危險性較大。　\n‧曾生過無腦兒、脊柱裂或其他畸形胎兒的婦女\n　　‧有習慣性流產、早產史或多次胎兒死在子宮內的婦女\n　　‧家族中有先天性代謝功能缺陷的人，或孕婦本人曾生過代謝功能缺陷病兒的。\n　　‧近親結婚的夫婦。\n‧妊娠3個月的孕婦，凡患過風疹、帶狀皰疹、單純皰疹、鉅細胞病毒病等病毒感染的，因易傳染給胎兒發生畸形\n　　‧懷孕早期曾使用過能致胎兒畸形的藥物，或接受過放射線物質，易致胎兒畸形。經產前遺傳諮詢，醫生認為有必要作畸胎檢查者。\n　　多胎妊娠又有什麼危害性?\n　　流產、胎兒畸形、胎兒宮內生長遲緩、貧血、妊娠高血壓綜合徵、羊水過多、前置胎盤、早產。\n\n第六位：忽視定期進行的產前檢查\n\n\n　　婦女懷孕後整個妊娠期都應按時進行詳細而系統的產前檢查。\n\n產前檢查的時間可根據醫生要求和具體情況而定。如有特殊情況應隨時檢查，不受規定時間限制。\n\n第五位：找江湖醫生私自墮胎。\n\n\n　　有些人出於種種原因，私自墮胎或找江湖醫生進行手術。這樣做的嚴重後果是：子宮破損或繼發感染甚多。\n　　人工流產是在嚴密消毒和無菌技術操作下進行的。而一些民間的「朗中」、「土醫生」所用的「器械」不進行消毒或消毒不嚴，在操作過程中不注意無菌操作，更會造成細菌污染，術後子宮和盆腔感染，嚴重時還會引起敗血症。\n\n\n第四位：懷孕3次以上或多次妊娠\n\n\n　　部分已婚女性生了女兒想兒子，一生再生，多次懷孕，以至成為「超生游擊隊」。要知道，每增加一次妊娠，子宮就增加一次風險，連續3次以上懷孕者，子宮的患病率將會顯著上升。\n\n第三位：孕婦分娩困難或產期延長時濫打催產素導致子宮破裂\n　　子宮體部或子宮下段在妊娠期或分娩期發生破裂稱為子宮破裂。子宮破裂是嚴重的產科併發症之一，常引起母兒死亡。多由於產道、胎兒、胎位的異常如骨產道狹窄、巨大兒、腦積水、忽略性橫位等引起胎先露下降受阻，子宮強烈收縮而發生。\n　　子宮破裂為產科最嚴重併發症之一。\n\n第二位：流產\n\n\n　　女人一生流產不要超過3次，一年之內流產不要超過2次。\n　　短時期內反覆人工流產，是導致子宮傷病的重要因素。通常醫生在做人流手術時不能看見宮腔，是「盲操作」。往往有少數因術前未查清楚子宮位置、大小，手術時器械進入方向與子宮曲度不一致，或用力過猛等而造成子宮損傷，甚至穿孔。或者造成宮腔感染、宮頸或宮腔粘連，導致繼發性不孕。同時要當心藥物流產可致命!\n\n第一位：剖腹產手術\n\n\n　　忠告：選擇剖腹產損害可能伴一生\n　　專家們認為：剖腹產的好處避免了自然分娩過程的疼痛，相對於它給母嬰的併發症和後遺症便顯得不可取，剖腹產只能限於產婦和嬰兒的病理因素的補救手術。\n　　讓我們來看一看剖宮產手術會有哪些危害：\n首先是對胎兒方面，可以造成：骨折(包括鎖骨骨折、股骨或肱骨骨折、顱骨骨折)，還有軟組織損傷，是切開子宮時，由於宮壁過薄或術者用力過猛，致使器械劃傷胎兒的先露部位。\n然後，對於母體方面。剖腹產手術，除了麻醉方面的風險外，還可能在術中或術後出現一些相應的併發症，其中較嚴重的有膀胱損傷、腸管損傷、子宮切口裂傷、產後大出血。\n\n所以說，女人生產猶如鬼門關走一回，10個最傷子宮的行為，懷孕生產就佔了80%！！看過這篇文章的請一定要轉發給身邊的女性朋友看！尤其是那些怕疼而選擇剖腹產手術的，更一定要看！\n如果你已經「傷害」了子宮，就請一定要及時保養，別再讓它受傷害了！\n\n\n\n\n每一年，美國有９萬人口，印度有７萬人口，中國有２０萬的人口死於婦科疾病。她們不是死於婦科疾病，她們是死於對自己的無知。體內子宮陰道內的垃圾不是普通洗液就可以洗掉的！\n\n現在不保養自己，同樣的金錢就用來養醫生。我們有很多顧客在遇到我們之前都花了不少冤枉錢，所以就算沒有婦科疾病，不代表你不需要為子宮保養！\n\n", "url": "https://cofacts.g0v.tw/article/3d6umk8oi9e5m"}