{"createdAt": "2019-12-31T08:54:04.555Z", "hyperlinks": "", "id": "1plscrjjnmaa", "reference": "LINE", "tags": [0], "text": "反滲透法如果通過\n\n1.“陸配“妳還敢返鄉探親嗎？妳還敢拿錢、拌手禮回大陸或拿大陸家人的錢、禮物嗎？資敵喔！接受大陸資助喔！\n2.台灣同胞遇海難、空難、國外災變政變時，絕不可接受大陸援救或撤離，寧可死也不可接受大陸援助。\n3,農漁民的産品還敢賣到大陸嗎？那就是資敵喔！\n4,陸客不敢來台旅遊啦！會被貫上來台宣傳的紅帽子，觀光産業只有倒閉！\n5，台灣人也不能去大陸旅遊或交流了！小心被扣上可能就是通敵，去提供情報。\n\n因為我說你有罪，就有罪，煩請多廣傳。\n\n\n強力反對（反滲透法）", "url": "https://cofacts.g0v.tw/article/1plscrjjnmaa"}