{"createdAt": "2018-12-01T13:55:44.348Z", "hyperlinks": "[object Object]", "id": "2713y984i1h14", "reference": "LINE", "tags": [3], "text": "什麼？肉類中「農藥殘留」比蔬菜高10倍以上\nhttps://kknews.cc/health/qq2ro.html\n\n世界著名的生態學家約翰.羅賓斯也指出，所有的殘留農藥中，有95%~99%是通過肉類，魚類，乳製品，和蛋類進入人體。根據羅賓斯的調查，肉類裡面所含農藥是綠葉蔬菜的7.8倍，水果的10.4倍。豆類的10.8倍。穀類的35.1倍，根菜類的40.1倍。土豆的93.7倍。", "url": "https://cofacts.g0v.tw/article/2713y984i1h14"}